id_student,id_assessment,date_submitted,is_banked,score
1,AAA_1,133,0,59.3
1,AAA_2,155,0,72.0
2,CCC_1,127,0,85.1
2,CCC_2,152,0,86.0
2,CCC_3,21,0,77.1
2,CCC_4,139,0,67.3
2,CCC_5,20,0,84.9
3,BBB_1,175,1,72.4
3,BBB_2,180,0,81.2
4,AAA_1,56,1,84.2
4,AAA_2,116,0,84.2
4,AAA_3,63,0,66.3
4,AAA_4,,0,
5,DDD_1,189,1,72.1
5,DDD_2,152,0,80.4
5,DDD_3,11,1,82.9
6,CCC_1,162,0,75.0
6,CCC_2,,1,
6,CCC_3,179,0,79.9
6,CCC_4,56,1,73.2
7,CCC_1,192,0,63.4
7,CCC_2,200,1,72.3
7,CCC_3,110,1,84.5
8,AAA_1,131,0,63.4
8,AAA_2,161,1,35.1
8,AAA_3,37,0,53.2
8,AAA_4,75,0,64.0
9,AAA_1,179,0,95.1
9,AAA_2,23,0,92.0
9,AAA_3,99,0,68.3
9,AAA_4,144,0,82.2
9,AAA_5,194,1,94.6
9,AAA_6,,1,
10,BBB_1,94,0,48.5
10,BBB_2,139,0,69.7
10,BBB_3,69,1,73.1
11,AAA_1,32,1,76.4
11,AAA_2,,1,
11,AAA_3,142,0,71.5
11,AAA_4,180,1,72.2
11,AAA_5,171,0,62.3
12,CCC_1,152,1,51.5
12,CCC_2,109,0,55.5
12,CCC_3,149,1,61.6
13,AAA_1,182,0,50.3
13,AAA_2,84,1,63.5
13,AAA_3,2,0,55.5
14,AAA_1,,1,
14,AAA_2,46,0,70.6
14,AAA_3,86,0,90.9
14,AAA_4,68,1,85.7
15,CCC_1,143,1,89.3
15,CCC_2,48,0,72.1
15,CCC_3,198,1,78.9
15,CCC_4,60,0,65.3
16,DDD_1,95,1,54.4
16,DDD_2,99,1,55.6
16,DDD_3,54,1,47.3
17,BBB_1,106,1,88.3
17,BBB_2,193,1,90.3
17,BBB_3,75,0,89.1
17,BBB_4,19,1,61.7
17,BBB_5,155,0,67.2
17,BBB_6,181,1,61.1
18,CCC_1,130,1,95.0
18,CCC_2,139,1,100
18,CCC_3,64,1,83.3
18,CCC_4,28,0,100
18,CCC_5,170,0,72.7
19,BBB_1,,1,
19,BBB_2,62,1,96.8
19,BBB_3,30,0,78.2
20,DDD_1,197,1,80.3
20,DDD_2,101,0,62.4
20,DDD_3,,1,
21,AAA_1,151,0,95.6
21,AAA_2,67,0,92.8
21,AAA_3,104,0,80.7
21,AAA_4,16,0,69.8
22,BBB_1,179,0,82.5
22,BBB_2,199,1,67.8
23,CCC_1,110,0,92.2
23,CCC_2,159,1,62.9
23,CCC_3,199,0,90.0
23,CCC_4,103,0,86.8
23,CCC_5,169,1,55.9
23,CCC_6,115,1,89.9
24,DDD_1,66,1,75.7
24,DDD_2,36,0,72.8
24,DDD_3,155,1,79.1
24,DDD_4,58,0,86.2
24,DDD_5,144,0,49.9
25,DDD_1,17,1,84.0
25,DDD_2,155,0,78.3
25,DDD_3,131,1,77.6
25,DDD_4,54,1,98.5
25,DDD_5,53,0,83.2
26,BBB_1,89,1,68.6
26,BBB_2,161,1,65.5
26,BBB_3,157,0,76.8
26,BBB_4,87,0,57.2
27,BBB_1,125,1,68.5
27,BBB_2,122,1,33.5
27,BBB_3,163,1,46.0
27,BBB_4,71,1,49.0
27,BBB_5,,0,
28,BBB_1,,0,
28,BBB_2,188,1,89.2
29,DDD_1,148,1,93.7
29,DDD_2,6,1,94.4
29,DDD_3,2,1,66.7
30,BBB_1,98,1,97.8
30,BBB_2,,0,
30,BBB_3,190,0,79.1
30,BBB_4,182,1,100
31,AAA_1,93,0,75.2
31,AAA_2,190,0,84.1
31,AAA_3,193,1,56.4
32,AAA_1,132,0,79.5
32,AAA_2,77,0,60.3
33,BBB_1,67,1,98.4
33,BBB_2,93,0,97.5
34,CCC_1,104,1,38.2
34,CCC_2,185,0,50.8
34,CCC_3,53,1,35.7
34,CCC_4,16,0,66.4
34,CCC_5,10,0,41.4
35,CCC_1,145,0,70.2
35,CCC_2,150,1,64.8
35,CCC_3,14,1,70.1
35,CCC_4,62,1,73.8
35,CCC_5,93,1,49.6
36,DDD_1,185,1,76.8
36,DDD_2,138,1,74.5
36,DDD_3,67,1,80.9
36,DDD_4,20,1,50.0
36,DDD_5,63,1,53.1
36,DDD_6,25,0,45.7
37,BBB_1,145,1,52.8
37,BBB_2,34,1,39.2
37,BBB_3,181,1,70.0
37,BBB_4,18,1,35.0
38,AAA_1,200,0,86.8
38,AAA_2,185,0,68.6
38,AAA_3,148,0,90.7
39,AAA_1,19,1,63.8
39,AAA_2,57,1,100
39,AAA_3,153,0,99.9
39,AAA_4,10,1,96.3
39,AAA_5,19,1,68.1
40,AAA_1,32,1,39.0
40,AAA_2,9,1,46.6
40,AAA_3,,1,
41,AAA_1,192,1,73.5
41,AAA_2,112,0,64.2
41,AAA_3,20,1,70.4
41,AAA_4,12,1,43.9
41,AAA_5,134,0,59.2
41,AAA_6,22,1,55.0
42,CCC_1,,0,
42,CCC_2,4,1,87.2
42,CCC_3,104,0,75.4
42,CCC_4,39,0,64.7
42,CCC_5,94,1,83.2
42,CCC_6,178,1,74.7
43,BBB_1,192,1,85.3
43,BBB_2,139,1,73.0
43,BBB_3,119,1,73.3
43,BBB_4,39,0,96.5
44,DDD_1,113,0,69.9
44,DDD_2,,1,
44,DDD_3,158,1,42.8
44,DDD_4,152,1,56.5
45,BBB_1,92,1,60.3
45,BBB_2,,0,
45,BBB_3,65,0,86.5
45,BBB_4,29,1,62.6
45,BBB_5,18,0,83.6
46,DDD_1,60,0,32.4
46,DDD_2,106,0,35.0
46,DDD_3,57,1,62.3
46,DDD_4,69,0,50.1
46,DDD_5,187,1,57.3
47,BBB_1,,0,
47,BBB_2,62,0,63.8
47,BBB_3,152,1,84.3
47,BBB_4,164,0,93.5
47,BBB_5,199,0,70.3
47,BBB_6,153,1,82.6
48,BBB_1,81,1,47.5
48,BBB_2,129,0,47.6
48,BBB_3,12,0,67.4
48,BBB_4,81,0,43.4
48,BBB_5,140,1,46.2
48,BBB_6,1,0,57.7
49,BBB_1,197,1,60.2
49,BBB_2,37,0,81.6
49,BBB_3,161,0,83.2
49,BBB_4,48,0,55.4
50,CCC_1,,1,
50,CCC_2,,1,
50,CCC_3,137,0,71.9
51,AAA_1,,1,
51,AAA_2,,1,
51,AAA_3,48,1,69.4
52,BBB_1,41,0,99.8
52,BBB_2,194,1,72.3
53,BBB_1,63,1,80.1
53,BBB_2,172,0,85.0
53,BBB_3,32,1,79.5
53,BBB_4,172,1,90.0
53,BBB_5,180,0,68.2
54,CCC_1,23,0,72.1
54,CCC_2,62,0,100
55,AAA_1,159,1,58.0
55,AAA_2,33,0,60.5
55,AAA_3,117,0,69.1
55,AAA_4,199,1,36.0
55,AAA_5,163,1,53.7
55,AAA_6,98,0,60.1
56,CCC_1,41,1,75.0
56,CCC_2,184,1,83.4
56,CCC_3,156,0,78.4
57,DDD_1,1,0,67.8
57,DDD_2,107,0,68.9
58,AAA_1,129,0,56.4
58,AAA_2,194,1,79.6
58,AAA_3,87,0,85.2
58,AAA_4,109,1,76.4
59,AAA_1,63,1,67.6
59,AAA_2,91,1,60.9
59,AAA_3,131,0,58.4
59,AAA_4,193,1,72.7
59,AAA_5,84,1,67.3
60,AAA_1,164,1,84.9
60,AAA_2,171,0,90.5
60,AAA_3,52,0,56.3
61,AAA_1,1,1,79.0
61,AAA_2,115,1,66.0
61,AAA_3,190,1,77.0
61,AAA_4,,1,
61,AAA_5,41,0,87.6
62,CCC_1,99,1,63.6
62,CCC_2,95,1,54.1
62,CCC_3,112,0,84.4
62,CCC_4,61,0,62.9
62,CCC_5,60,1,65.1
62,CCC_6,190,1,54.5
63,CCC_1,61,1,80.8
63,CCC_2,193,1,84.2
63,CCC_3,24,1,85.6
63,CCC_4,185,0,80.7
64,DDD_1,97,0,78.6
64,DDD_2,149,1,53.2
65,BBB_1,75,1,51.8
65,BBB_2,130,0,48.1
65,BBB_3,196,1,68.4
65,BBB_4,181,1,52.5
65,BBB_5,39,1,58.0
66,CCC_1,30,0,48.1
66,CCC_2,,0,
67,CCC_1,47,0,77.0
67,CCC_2,39,0,54.9
67,CCC_3,113,0,49.9
68,DDD_1,,1,
68,DDD_2,133,0,50.2
68,DDD_3,58,0,39.4
68,DDD_4,142,0,70.5
68,DDD_5,133,0,58.6
69,BBB_1,3,0,71.9
69,BBB_2,55,0,58.2
69,BBB_3,149,0,65.4
69,BBB_4,74,1,68.8
69,BBB_5,37,0,34.8
70,DDD_1,107,1,74.9
70,DDD_2,,1,
70,DDD_3,123,1,73.3
70,DDD_4,70,0,81.7
70,DDD_5,120,0,60.0
70,DDD_6,192,0,56.6
71,AAA_1,147,0,70.9
71,AAA_2,73,0,42.6
71,AAA_3,98,1,35.0
72,AAA_1,44,1,48.5
72,AAA_2,84,0,68.8
72,AAA_3,24,1,76.2
72,AAA_4,36,1,58.0
73,BBB_1,2,1,80.3
73,BBB_2,136,1,68.3
73,BBB_3,70,0,59.8
73,BBB_4,82,1,74.7
73,BBB_5,189,0,76.3
73,BBB_6,56,0,65.3
74,AAA_1,75,1,59.6
74,AAA_2,43,0,66.5
75,AAA_1,196,0,65.4
75,AAA_2,137,0,71.5
76,CCC_1,53,1,43.1
76,CCC_2,56,1,53.4
76,CCC_3,43,1,51.7
76,CCC_4,57,0,72.4
77,CCC_1,121,0,66.8
77,CCC_2,66,0,69.7
77,CCC_3,152,1,80.3
77,CCC_4,10,0,77.9
77,CCC_5,67,1,90.4
78,AAA_1,115,0,70.7
78,AAA_2,142,0,53.6
79,AAA_1,142,0,70.0
79,AAA_2,,1,
80,DDD_1,196,0,49.5
80,DDD_2,131,0,33.2
80,DDD_3,24,0,52.7
81,DDD_1,136,0,71.8
81,DDD_2,104,1,58.3
81,DDD_3,100,1,44.2
81,DDD_4,134,1,65.5
82,DDD_1,131,0,87.4
82,DDD_2,4,0,73.3
82,DDD_3,93,1,75.1
82,DDD_4,178,0,84.3
82,DDD_5,88,1,82.7
83,BBB_1,4,0,71.0
83,BBB_2,82,1,100
83,BBB_3,4,0,82.4
83,BBB_4,172,0,87.6
83,BBB_5,131,0,96.6
83,BBB_6,,0,
84,AAA_1,19,1,67.8
84,AAA_2,141,1,75.5
84,AAA_3,,0,
85,CCC_1,,0,
85,CCC_2,38,0,72.8
85,CCC_3,102,0,39.7
85,CCC_4,41,1,39.3
85,CCC_5,195,0,70.2
85,CCC_6,34,1,62.2
86,CCC_1,178,0,72.6
86,CCC_2,72,0,74.4
87,CCC_1,115,1,63.3
87,CCC_2,34,0,85.7
87,CCC_3,138,0,61.2
88,DDD_1,86,1,59.5
88,DDD_2,,1,
88,DDD_3,124,1,71.6
88,DDD_4,101,1,67.7
88,DDD_5,18,1,81.5
89,BBB_1,,0,
89,BBB_2,32,1,87.0
90,BBB_1,51,0,37.7
90,BBB_2,199,1,39.5
90,BBB_3,146,0,60.6
90,BBB_4,40,0,34.7
91,DDD_1,164,0,65.4
91,DDD_2,73,0,59.6
91,DDD_3,71,1,71.4
92,CCC_1,40,1,93.0
92,CCC_2,121,1,78.9
92,CCC_3,47,0,69.9
92,CCC_4,,0,
93,CCC_1,81,0,89.3
93,CCC_2,106,1,97.4
94,AAA_1,147,0,85.9
94,AAA_2,139,0,100
94,AAA_3,,1,
95,DDD_1,3,0,85.8
95,DDD_2,30,0,100
95,DDD_3,28,1,97.4
95,DDD_4,91,0,75.0
96,CCC_1,38,1,62.9
96,CCC_2,,0,
97,DDD_1,170,1,62.4
97,DDD_2,48,1,46.3
97,DDD_3,165,0,58.7
97,DDD_4,36,1,80.5
97,DDD_5,,1,
98,BBB_1,24,1,40.7
98,BBB_2,109,1,35.9
98,BBB_3,177,1,55.1
98,BBB_4,198,0,51.2
98,BBB_5,193,1,48.7
98,BBB_6,119,0,60.9
99,BBB_1,11,0,87.9
99,BBB_2,178,1,60.3
99,BBB_3,32,0,54.9
100,BBB_1,54,1,89.2
100,BBB_2,25,1,64.8
100,BBB_3,49,0,69.5
101,CCC_1,5,0,81.7
101,CCC_2,168,1,72.1
102,AAA_1,121,0,68.4
102,AAA_2,155,0,64.3
102,AAA_3,100,1,77.5
102,AAA_4,63,1,70.7
102,AAA_5,,1,
102,AAA_6,99,1,61.6
103,CCC_1,105,0,82.7
103,CCC_2,36,1,85.2
103,CCC_3,8,0,53.5
103,CCC_4,156,1,85.2
103,CCC_5,107,0,84.0
104,DDD_1,81,0,93.1
104,DDD_2,30,1,95.5
105,CCC_1,161,0,62.5
105,CCC_2,148,0,57.9
105,CCC_3,151,1,42.7
105,CCC_4,23,1,73.4
105,CCC_5,90,0,51.5
105,CCC_6,95,1,57.7
106,CCC_1,33,0,50.8
106,CCC_2,89,1,76.3
106,CCC_3,160,0,62.6
106,CCC_4,117,0,70.0
106,CCC_5,74,1,89.2
106,CCC_6,113,0,54.8
107,CCC_1,132,0,70.7
107,CCC_2,34,1,48.3
107,CCC_3,166,1,51.5
107,CCC_4,89,1,54.7
107,CCC_5,13,0,50.2
107,CCC_6,34,0,78.0
108,BBB_1,81,1,98.3
108,BBB_2,153,0,80.6
108,BBB_3,109,0,70.5
108,BBB_4,168,1,73.2
109,CCC_1,,0,
109,CCC_2,,0,
109,CCC_3,,0,
109,CCC_4,120,1,89.7
110,AAA_1,41,0,72.5
110,AAA_2,159,1,89.0
111,DDD_1,19,1,50.0
111,DDD_2,117,0,43.7
111,DDD_3,89,1,74.9
111,DDD_4,194,0,53.7
111,DDD_5,33,1,70.6
112,BBB_1,183,0,100
112,BBB_2,165,0,82.2
112,BBB_3,,0,
112,BBB_4,50,0,100
113,DDD_1,15,1,67.5
113,DDD_2,15,0,66.4
113,DDD_3,147,0,89.0
114,AAA_1,84,0,88.7
114,AAA_2,134,0,85.9
114,AAA_3,199,1,79.0
114,AAA_4,147,1,61.3
115,CCC_1,152,0,72.8
115,CCC_2,53,1,95.3
115,CCC_3,,1,
116,AAA_1,183,1,61.2
116,AAA_2,74,0,77.5
116,AAA_3,10,1,82.5
116,AAA_4,118,1,59.6
116,AAA_5,3,1,58.4
117,AAA_1,191,0,50.9
117,AAA_2,140,0,67.5
117,AAA_3,105,0,67.7
117,AAA_4,10,1,89.2
117,AAA_5,36,0,78.2
117,AAA_6,179,1,51.7
118,AAA_1,144,0,75.6
118,AAA_2,54,1,60.3
118,AAA_3,186,1,86.5
119,AAA_1,45,1,76.6
119,AAA_2,54,1,82.7
120,BBB_1,192,0,53.1
120,BBB_2,61,0,48.3
120,BBB_3,23,1,56.7
120,BBB_4,89,0,69.6
120,BBB_5,196,0,42.5
120,BBB_6,134,1,34.8
121,AAA_1,,0,
121,AAA_2,157,1,62.2
121,AAA_3,109,1,38.6
121,AAA_4,44,1,61.8
121,AAA_5,45,0,74.5
122,DDD_1,10,1,64.6
122,DDD_2,100,0,54.2
122,DDD_3,,1,
122,DDD_4,91,1,53.3
122,DDD_5,,0,
122,DDD_6,52,1,69.0
123,BBB_1,123,1,55.5
123,BBB_2,104,1,43.6
123,BBB_3,169,1,42.2
123,BBB_4,113,1,46.9
124,AAA_1,47,1,92.0
124,AAA_2,73,1,92.3
124,AAA_3,81,1,73.4
124,AAA_4,83,1,94.2
124,AAA_5,116,0,80.7
124,AAA_6,148,0,95.3
125,BBB_1,8,1,65.4
125,BBB_2,30,1,96.1
125,BBB_3,112,0,86.7
125,BBB_4,99,0,83.9
125,BBB_5,135,0,67.7
126,CCC_1,19,1,55.3
126,CCC_2,,0,
126,CCC_3,38,1,71.1
127,CCC_1,151,1,73.1
127,CCC_2,,1,
127,CCC_3,189,1,55.0
127,CCC_4,74,1,70.1
128,AAA_1,138,1,67.0
128,AAA_2,147,1,73.9
128,AAA_3,126,0,59.4
129,CCC_1,181,1,59.6
129,CCC_2,38,0,65.0
129,CCC_3,164,0,39.6
129,CCC_4,,1,
129,CCC_5,188,1,50.8
129,CCC_6,196,1,38.1
130,DDD_1,142,0,48.7
130,DDD_2,4,1,77.6
131,BBB_1,71,1,73.5
131,BBB_2,47,1,100
131,BBB_3,164,1,95.8
132,DDD_1,105,0,75.2
132,DDD_2,100,0,50.5
132,DDD_3,14,0,60.9
132,DDD_4,37,0,54.6
132,DDD_5,128,1,65.7
133,BBB_1,95,0,54.2
133,BBB_2,43,1,52.6
133,BBB_3,89,0,61.9
133,BBB_4,71,1,44.6
133,BBB_5,41,1,39.2
133,BBB_6,19,1,47.0
134,BBB_1,163,0,35.5
134,BBB_2,48,0,38.1
134,BBB_3,135,0,53.1
135,AAA_1,47,0,51.4
135,AAA_2,174,1,56.8
136,AAA_1,25,0,61.0
136,AAA_2,137,1,74.2
136,AAA_3,21,0,60.2
136,AAA_4,28,0,75.9
136,AAA_5,47,1,59.1
137,AAA_1,200,1,69.7
137,AAA_2,149,1,79.5
137,AAA_3,67,0,97.4
138,AAA_1,59,1,76.6
138,AAA_2,194,0,76.4
138,AAA_3,165,0,75.1
138,AAA_4,171,0,97.4
138,AAA_5,131,1,91.9
139,BBB_1,169,0,72.3
139,BBB_2,125,0,39.2
139,BBB_3,183,0,56.8
139,BBB_4,157,0,40.9
139,BBB_5,179,1,64.1
140,AAA_1,186,0,84.7
140,AAA_2,37,1,88.0
140,AAA_3,187,1,61.7
140,AAA_4,152,0,53.8
140,AAA_5,,1,
141,AAA_1,121,1,55.4
141,AAA_2,81,0,73.0
142,DDD_1,78,1,71.4
142,DDD_2,160,1,46.7
142,DDD_3,39,1,71.4
143,BBB_1,89,0,72.1
143,BBB_2,150,0,55.7
143,BBB_3,145,1,57.5
143,BBB_4,4,1,54.5
143,BBB_5,141,1,78.5
144,BBB_1,47,1,75.5
144,BBB_2,19,0,89.6
144,BBB_3,19,0,73.9
145,BBB_1,39,1,93.8
145,BBB_2,41,1,100
145,BBB_3,28,1,91.6
145,BBB_4,191,0,73.7
145,BBB_5,116,1,98.2
145,BBB_6,,0,
146,BBB_1,61,1,45.7
146,BBB_2,80,0,41.8
146,BBB_3,95,1,62.6
146,BBB_4,142,0,53.7
146,BBB_5,15,0,61.1
147,CCC_1,39,1,94.4
147,CCC_2,149,1,58.6
147,CCC_3,194,1,90.0
147,CCC_4,148,1,67.8
148,DDD_1,68,0,71.5
148,DDD_2,121,0,73.1
148,DDD_3,129,0,64.3
148,DDD_4,84,0,73.6
148,DDD_5,185,1,67.7
148,DDD_6,77,1,62.9
149,AAA_1,,1,
149,AAA_2,136,1,79.7
149,AAA_3,51,1,100
149,AAA_4,63,1,72.1
149,AAA_5,77,0,82.9
149,AAA_6,174,0,95.7
150,AAA_1,2,1,72.6
150,AAA_2,108,0,52.6
150,AAA_3,4,0,55.0
150,AAA_4,126,1,78.0
151,BBB_1,112,0,88.8
151,BBB_2,58,0,85.7
151,BBB_3,47,0,56.6
151,BBB_4,,0,
151,BBB_5,135,0,78.4
151,BBB_6,90,0,69.6
152,CCC_1,54,0,94.7
152,CCC_2,45,0,76.6
152,CCC_3,12,0,87.4
152,CCC_4,17,0,89.9
152,CCC_5,,1,
153,BBB_1,89,0,81.1
153,BBB_2,,1,
153,BBB_3,41,0,87.1
153,BBB_4,56,0,63.1
154,BBB_1,171,1,46.6
154,BBB_2,150,0,56.0
154,BBB_3,134,0,76.8
155,CCC_1,58,0,57.4
155,CCC_2,67,0,88.1
155,CCC_3,133,0,90.1
156,BBB_1,181,1,69.4
156,BBB_2,128,1,94.0
156,BBB_3,68,0,79.7
157,DDD_1,140,0,42.4
157,DDD_2,65,1,51.1
158,CCC_1,95,1,63.5
158,CCC_2,142,1,74.1
158,CCC_3,187,1,75.9
158,CCC_4,146,0,45.1
159,CCC_1,2,0,63.9
159,CCC_2,181,0,87.3
160,CCC_1,34,0,90.9
160,CCC_2,68,0,74.0
160,CCC_3,94,1,66.1
161,AAA_1,176,0,70.7
161,AAA_2,98,1,61.1
161,AAA_3,193,1,83.2
162,CCC_1,183,0,77.4
162,CCC_2,180,1,57.1
163,DDD_1,21,1,57.4
163,DDD_2,58,0,48.6
163,DDD_3,68,0,39.5
163,DDD_4,126,1,67.5
163,DDD_5,130,0,61.7
164,CCC_1,7,0,54.5
164,CCC_2,157,0,72.8
164,CCC_3,153,1,81.3
165,BBB_1,161,0,100
165,BBB_2,79,0,100
166,DDD_1,136,1,60.6
166,DDD_2,73,1,95.6
166,DDD_3,89,1,69.1
166,DDD_4,51,0,76.0
166,DDD_5,184,0,70.7
166,DDD_6,142,0,62.3
167,BBB_1,98,0,99.8
167,BBB_2,,1,
168,BBB_1,21,0,36.6
168,BBB_2,48,0,38.3
168,BBB_3,,0,
168,BBB_4,27,0,51.3
168,BBB_5,47,1,61.4
168,BBB_6,98,1,68.4
169,BBB_1,,0,
169,BBB_2,50,1,86.9
169,BBB_3,34,1,89.1
169,BBB_4,81,0,74.1
169,BBB_5,39,0,95.6
170,AAA_1,178,1,75.6
170,AAA_2,144,1,67.3
170,AAA_3,,0,
170,AAA_4,127,1,78.1
170,AAA_5,156,0,79.0
170,AAA_6,189,0,63.7
171,AAA_1,159,1,47.0
171,AAA_2,50,0,41.0
171,AAA_3,98,1,65.9
171,AAA_4,176,0,47.9
171,AAA_5,121,0,41.0
171,AAA_6,190,0,43.7
172,AAA_1,117,0,88.3
172,AAA_2,136,1,67.9
172,AAA_3,163,1,64.8
172,AAA_4,112,0,88.1
173,AAA_1,,0,
173,AAA_2,,1,
173,AAA_3,26,0,63.3
173,AAA_4,180,1,73.3
173,AAA_5,74,0,80.1
174,BBB_1,14,1,78.4
174,BBB_2,120,1,75.9
175,AAA_1,18,0,77.3
175,AAA_2,167,0,44.5
175,AAA_3,193,0,48.8
175,AAA_4,111,1,53.3
176,AAA_1,150,0,62.9
176,AAA_2,149,1,68.7
176,AAA_3,,1,
176,AAA_4,10,1,71.5
177,BBB_1,47,1,63.7
177,BBB_2,99,0,90.2
177,BBB_3,197,1,94.3
177,BBB_4,95,0,68.7
177,BBB_5,44,1,73.0
178,AAA_1,16,1,63.4
178,AAA_2,88,1,53.8
178,AAA_3,179,1,55.2
178,AAA_4,183,1,84.2
179,BBB_1,60,1,56.0
179,BBB_2,160,1,77.3
179,BBB_3,134,1,75.6
180,CCC_1,13,1,46.3
180,CCC_2,,0,
180,CCC_3,151,1,56.4
180,CCC_4,198,1,55.3
181,AAA_1,167,0,41.5
181,AAA_2,92,1,76.8
181,AAA_3,43,1,43.4
181,AAA_4,96,1,67.6
181,AAA_5,174,0,48.0
182,BBB_1,153,1,79.2
182,BBB_2,75,0,67.3
183,BBB_1,151,0,90.0
183,BBB_2,187,1,80.2
183,BBB_3,124,1,91.5
183,BBB_4,97,1,73.3
184,CCC_1,199,0,73.6
184,CCC_2,47,0,83.3
184,CCC_3,175,0,74.0
185,BBB_1,34,1,55.7
185,BBB_2,65,1,80.7
186,AAA_1,,1,
186,AAA_2,93,0,68.0
187,DDD_1,133,0,56.6
187,DDD_2,,1,
188,BBB_1,60,0,79.2
188,BBB_2,179,1,50.3
188,BBB_3,185,0,56.6
188,BBB_4,,1,
188,BBB_5,17,1,62.8
188,BBB_6,103,1,68.9
189,CCC_1,94,0,61.6
189,CCC_2,133,1,72.8
189,CCC_3,76,0,45.6
189,CCC_4,71,1,57.3
189,CCC_5,41,0,59.6
190,BBB_1,99,1,56.1
190,BBB_2,15,1,69.0
190,BBB_3,84,1,45.6
190,BBB_4,23,0,60.7
190,BBB_5,146,1,50.6
190,BBB_6,25,0,61.9
191,DDD_1,51,0,57.0
191,DDD_2,142,1,42.4
192,BBB_1,28,1,44.7
192,BBB_2,19,1,75.7
192,BBB_3,155,1,54.8
192,BBB_4,85,0,76.2
192,BBB_5,,0,
192,BBB_6,128,1,64.9
193,CCC_1,67,1,80.6
193,CCC_2,151,1,74.1
193,CCC_3,80,1,88.4
193,CCC_4,103,1,84.7
194,CCC_1,54,1,58.1
194,CCC_2,159,1,69.2
194,CCC_3,67,1,59.5
194,CCC_4,186,1,52.1
195,AAA_1,108,0,86.2
195,AAA_2,89,1,75.9
196,BBB_1,14,0,78.4
196,BBB_2,133,1,81.2
197,DDD_1,,0,
197,DDD_2,97,1,71.8
197,DDD_3,38,0,100
197,DDD_4,9,1,100
197,DDD_5,112,1,98.6
197,DDD_6,187,1,75.6
198,DDD_1,86,1,54.5
198,DDD_2,123,0,56.8
198,DDD_3,176,1,58.6
198,DDD_4,96,1,70.2
198,DDD_5,77,1,54.9
199,BBB_1,35,1,77.1
199,BBB_2,23,0,91.7
200,CCC_1,68,1,71.1
200,CCC_2,43,0,79.2
200,CCC_3,167,1,48.7
201,DDD_1,24,0,58.6
201,DDD_2,11,1,76.9
201,DDD_3,144,0,49.4
201,DDD_4,43,0,70.9
202,BBB_1,66,0,75.3
202,BBB_2,171,0,52.3
202,BBB_3,116,1,52.3
203,BBB_1,32,1,99.4
203,BBB_2,177,0,86.0
203,BBB_3,,0,
203,BBB_4,11,1,75.2
204,DDD_1,159,0,73.9
204,DDD_2,63,1,75.6
205,AAA_1,5,1,83.4
205,AAA_2,131,0,84.8
205,AAA_3,48,1,64.7
205,AAA_4,132,0,83.0
205,AAA_5,,0,
205,AAA_6,184,0,63.2
206,BBB_1,111,0,69.1
206,BBB_2,59,0,95.3
206,BBB_3,147,1,85.6
206,BBB_4,98,0,97.5
207,AAA_1,4,1,79.0
207,AAA_2,130,0,92.8
208,BBB_1,136,1,74.1
208,BBB_2,6,1,71.3
208,BBB_3,167,1,71.6
209,AAA_1,21,1,56.8
209,AAA_2,173,0,42.8
209,AAA_3,42,0,62.7
209,AAA_4,132,1,67.8
209,AAA_5,,1,
209,AAA_6,151,0,42.5
210,CCC_1,,0,
210,CCC_2,147,1,83.8
210,CCC_3,85,0,69.9
210,CCC_4,134,1,93.2
210,CCC_5,173,0,68.2
211,AAA_1,,1,
211,AAA_2,191,1,51.7
212,BBB_1,96,0,46.6
212,BBB_2,164,0,42.1
212,BBB_3,189,0,51.8
212,BBB_4,122,0,76.5
213,CCC_1,178,1,67.2
213,CCC_2,49,1,48.5
214,DDD_1,73,1,63.8
214,DDD_2,66,1,60.4
214,DDD_3,50,0,88.6
214,DDD_4,3,0,81.4
214,DDD_5,17,0,74.5
214,DDD_6,,1,
215,BBB_1,178,1,86.3
215,BBB_2,41,1,84.6
215,BBB_3,83,1,76.8
216,BBB_1,,1,
216,BBB_2,127,1,77.5
216,BBB_3,185,0,76.3
216,BBB_4,52,0,95.4
217,AAA_1,130,1,100
217,AAA_2,,0,
217,AAA_3,116,0,86.8
217,AAA_4,133,1,77.2
217,AAA_5,25,1,100
217,AAA_6,85,1,79.2
218,BBB_1,174,0,53.9
218,BBB_2,152,1,77.5
218,BBB_3,133,0,67.3
219,BBB_1,179,1,81.8
219,BBB_2,,1,
219,BBB_3,,0,
219,BBB_4,,0,
219,BBB_5,78,0,82.4
220,DDD_1,131,0,60.7
220,DDD_2,135,1,51.2
221,CCC_1,68,0,65.7
221,CCC_2,166,0,60.6
221,CCC_3,178,0,91.8
221,CCC_4,168,0,84.8
221,CCC_5,,0,
222,DDD_1,172,0,40.0
222,DDD_2,8,0,42.9
223,CCC_1,126,0,46.4
223,CCC_2,,0,
223,CCC_3,20,0,53.4
223,CCC_4,27,0,67.4
223,CCC_5,152,1,40.5
224,BBB_1,87,0,58.1
224,BBB_2,104,0,41.9
225,BBB_1,163,0,43.0
225,BBB_2,127,0,51.3
225,BBB_3,116,1,72.4
225,BBB_4,,0,
225,BBB_5,58,0,47.8
225,BBB_6,7,0,77.2
226,BBB_1,132,1,98.3
226,BBB_2,169,0,66.7
227,BBB_1,172,0,60.8
227,BBB_2,64,0,60.7
227,BBB_3,52,0,45.6
227,BBB_4,34,1,67.2
227,BBB_5,87,1,41.0
227,BBB_6,176,0,76.9
228,BBB_1,86,0,45.0
228,BBB_2,12,1,63.8
228,BBB_3,,1,
229,BBB_1,177,0,42.2
229,BBB_2,,1,
229,BBB_3,115,0,37.3
229,BBB_4,127,1,41.8
229,BBB_5,48,1,62.2
230,BBB_1,180,1,74.2
230,BBB_2,127,1,61.9
230,BBB_3,182,0,64.5
230,BBB_4,31,1,73.7
230,BBB_5,105,1,62.0
231,DDD_1,5,0,69.8
231,DDD_2,10,0,90.6
231,DDD_3,115,0,60.1
231,DDD_4,97,0,82.2
231,DDD_5,42,1,79.4
231,DDD_6,88,0,88.8
232,AAA_1,93,1,97.0
232,AAA_2,190,0,65.4
232,AAA_3,117,1,81.8
232,AAA_4,3,1,68.7
233,DDD_1,50,1,61.7
233,DDD_2,142,0,92.9
233,DDD_3,159,0,87.3
233,DDD_4,174,0,78.6
233,DDD_5,41,0,88.0
233,DDD_6,159,1,91.4
234,DDD_1,41,1,49.4
234,DDD_2,197,0,47.3
234,DDD_3,,0,
234,DDD_4,4,1,43.6
234,DDD_5,21,0,55.8
235,AAA_1,183,0,80.0
235,AAA_2,95,1,81.7
235,AAA_3,23,0,100
235,AAA_4,76,1,82.9
236,CCC_1,199,0,76.7
236,CCC_2,32,1,62.9
236,CCC_3,,0,
236,CCC_4,53,0,80.6
236,CCC_5,23,0,58.0
237,AAA_1,,0,
237,AAA_2,5,1,41.3
237,AAA_3,15,0,70.1
237,AAA_4,102,1,36.1
238,DDD_1,78,1,71.5
238,DDD_2,,0,
238,DDD_3,175,0,93.0
238,DDD_4,31,0,63.4
238,DDD_5,9,0,73.6
239,AAA_1,192,0,76.1
239,AAA_2,64,0,97.3
239,AAA_3,178,1,90.8
239,AAA_4,165,0,64.4
240,DDD_1,92,0,63.4
240,DDD_2,139,0,38.1
240,DDD_3,,1,
240,DDD_4,6,1,68.4
241,CCC_1,191,1,75.6
241,CCC_2,169,1,76.0
241,CCC_3,90,0,60.0
241,CCC_4,191,0,74.4
241,CCC_5,79,1,74.5
242,BBB_1,,0,
242,BBB_2,163,0,86.7
242,BBB_3,156,0,99.2
242,BBB_4,26,0,76.6
243,BBB_1,55,1,74.5
243,BBB_2,166,0,64.5
243,BBB_3,59,0,96.4
243,BBB_4,153,1,88.1
243,BBB_5,176,0,72.4
243,BBB_6,149,1,72.3
244,BBB_1,125,1,65.4
244,BBB_2,146,0,58.6
245,DDD_1,,0,
245,DDD_2,,1,
245,DDD_3,9,0,83.9
246,AAA_1,98,1,61.0
246,AAA_2,20,0,56.5
247,BBB_1,190,1,40.5
247,BBB_2,29,1,69.6
247,BBB_3,149,0,57.1
247,BBB_4,14,0,46.6
248,DDD_1,46,0,68.3
248,DDD_2,162,1,54.2
248,DDD_3,99,0,66.2
248,DDD_4,5,0,35.3
248,DDD_5,,0,
248,DDD_6,168,1,56.2
249,AAA_1,51,1,55.9
249,AAA_2,,0,
249,AAA_3,167,1,77.4
249,AAA_4,22,0,72.8
250,BBB_1,175,1,62.9
250,BBB_2,134,1,73.2
251,AAA_1,140,1,79.8
251,AAA_2,54,1,76.1
251,AAA_3,,1,
251,AAA_4,73,1,93.9
251,AAA_5,80,0,82.2
252,CCC_1,48,0,54.1
252,CCC_2,23,1,82.8
253,BBB_1,51,0,52.7
253,BBB_2,173,1,53.4
253,BBB_3,127,0,60.5
253,BBB_4,40,1,70.1
254,DDD_1,56,0,82.1
254,DDD_2,47,0,96.0
254,DDD_3,102,1,98.2
254,DDD_4,154,0,62.4
255,CCC_1,57,0,34.1
255,CCC_2,126,1,69.4
256,DDD_1,161,1,72.4
256,DDD_2,148,0,51.3
256,DDD_3,197,1,69.6
256,DDD_4,81,1,52.5
256,DDD_5,48,1,65.0
257,CCC_1,127,0,70.1
257,CCC_2,190,1,92.1
257,CCC_3,168,0,61.5
257,CCC_4,97,0,67.1
257,CCC_5,,0,
258,AAA_1,,1,
258,AAA_2,186,1,47.1
258,AAA_3,11,1,67.5
259,DDD_1,93,1,72.4
259,DDD_2,26,0,94.3
259,DDD_3,,1,
259,DDD_4,90,0,65.3
259,DDD_5,124,1,63.5
260,CCC_1,28,0,59.8
260,CCC_2,156,0,60.7
260,CCC_3,108,1,58.3
260,CCC_4,137,0,89.8
260,CCC_5,115,0,81.9
261,AAA_1,13,0,86.3
261,AAA_2,28,0,62.0
261,AAA_3,129,0,66.7
261,AAA_4,105,0,84.5
261,AAA_5,,0,
262,DDD_1,65,1,91.4
262,DDD_2,152,1,69.6
262,DDD_3,,1,
262,DDD_4,188,1,77.5
262,DDD_5,,1,
263,AAA_1,142,0,99.5
263,AAA_2,109,0,85.2
263,AAA_3,54,1,100
263,AAA_4,140,0,69.0
263,AAA_5,58,0,80.7
263,AAA_6,140,1,80.7
264,DDD_1,4,1,45.3
264,DDD_2,141,0,60.2
264,DDD_3,16,1,40.2
264,DDD_4,169,0,60.1
265,BBB_1,23,0,76.5
265,BBB_2,87,1,100
265,BBB_3,99,1,100
265,BBB_4,189,1,100
265,BBB_5,79,1,68.6
266,CCC_1,122,1,54.1
266,CCC_2,117,0,46.0
266,CCC_3,173,1,49.2
266,CCC_4,130,1,49.3
266,CCC_5,168,0,48.5
266,CCC_6,14,1,57.6
267,CCC_1,113,1,94.9
267,CCC_2,200,1,82.5
267,CCC_3,1,0,97.0
267,CCC_4,14,1,90.8
267,CCC_5,181,1,72.4
268,CCC_1,56,1,70.9
268,CCC_2,130,1,72.0
268,CCC_3,190,0,98.5
268,CCC_4,167,0,87.7
268,CCC_5,127,0,88.4
268,CCC_6,51,1,71.0
269,CCC_1,103,1,72.5
269,CCC_2,74,0,88.5
270,AAA_1,,1,
270,AAA_2,85,1,87.1
271,BBB_1,98,1,68.8
271,BBB_2,178,0,44.5
271,BBB_3,,1,
271,BBB_4,174,0,70.1
272,CCC_1,107,1,72.9
272,CCC_2,114,0,70.4
272,CCC_3,,1,
272,CCC_4,90,1,70.3
273,CCC_1,146,0,78.7
273,CCC_2,29,0,77.1
273,CCC_3,172,0,100
273,CCC_4,170,0,80.7
273,CCC_5,25,0,100
273,CCC_6,46,0,65.6
274,BBB_1,108,1,87.0
274,BBB_2,148,1,73.6
275,DDD_1,170,0,51.7
275,DDD_2,95,1,40.5
275,DDD_3,50,1,46.0
275,DDD_4,128,1,44.3
276,DDD_1,95,1,65.4
276,DDD_2,39,1,73.4
276,DDD_3,195,1,79.6
276,DDD_4,133,1,71.5
276,DDD_5,91,1,72.0
277,DDD_1,189,0,52.9
277,DDD_2,83,1,73.1
278,BBB_1,198,1,86.6
278,BBB_2,,1,
278,BBB_3,172,1,85.5
278,BBB_4,182,1,55.8
279,DDD_1,4,1,100
279,DDD_2,79,0,99.9
279,DDD_3,129,1,70.8
279,DDD_4,,0,
279,DDD_5,138,0,100
280,AAA_1,170,0,69.9
280,AAA_2,3,1,74.1
281,BBB_1,153,0,77.8
281,BBB_2,,1,
281,BBB_3,2,0,58.0
281,BBB_4,115,1,81.0
281,BBB_5,177,1,47.2
281,BBB_6,11,0,77.4
282,AAA_1,200,0,63.9
282,AAA_2,,1,
282,AAA_3,114,1,36.9
283,AAA_1,199,0,50.2
283,AAA_2,28,1,70.0
283,AAA_3,116,0,50.4
284,CCC_1,71,0,72.9
284,CCC_2,42,1,52.1
284,CCC_3,7,0,64.5
284,CCC_4,12,0,70.0
285,AAA_1,148,1,67.4
285,AAA_2,,1,
286,AAA_1,78,0,67.6
286,AAA_2,38,1,64.2
286,AAA_3,98,0,72.2
286,AAA_4,113,1,69.8
286,AAA_5,75,1,77.7
286,AAA_6,26,0,95.7
287,DDD_1,81,1,68.2
287,DDD_2,66,0,43.0
287,DDD_3,44,0,72.7
288,CCC_1,65,1,47.2
288,CCC_2,110,1,56.0
288,CCC_3,187,0,40.4
289,AAA_1,9,0,54.0
289,AAA_2,35,1,46.4
290,AAA_1,32,1,76.2
290,AAA_2,16,1,87.5
291,DDD_1,44,0,60.6
291,DDD_2,162,0,50.3
291,DDD_3,,1,
291,DDD_4,153,0,55.1
291,DDD_5,56,0,49.4
291,DDD_6,143,1,49.0
292,CCC_1,29,0,74.3
292,CCC_2,195,0,65.3
292,CCC_3,156,1,60.1
293,DDD_1,166,1,39.3
293,DDD_2,41,1,37.2
293,DDD_3,127,0,66.8
294,DDD_1,96,0,68.6
294,DDD_2,83,0,64.9
294,DDD_3,,0,
294,DDD_4,132,0,56.3
295,BBB_1,116,0,43.9
295,BBB_2,,1,
295,BBB_3,170,0,67.6
295,BBB_4,82,1,40.0
295,BBB_5,95,1,57.9
296,AAA_1,78,0,61.9
296,AAA_2,106,0,57.4
296,AAA_3,,1,
296,AAA_4,150,1,73.4
296,AAA_5,169,0,72.8
297,BBB_1,113,1,89.9
297,BBB_2,160,1,96.2
297,BBB_3,182,1,76.2
297,BBB_4,166,1,72.6
298,AAA_1,87,1,80.0
298,AAA_2,135,0,67.1
299,BBB_1,103,1,65.0
299,BBB_2,106,1,55.3
299,BBB_3,86,0,68.0
299,BBB_4,115,1,66.1
300,DDD_1,14,0,53.5
300,DDD_2,105,1,50.0
300,DDD_3,53,1,45.2
300,DDD_4,128,0,56.2
300,DDD_5,6,1,40.8
301,AAA_1,176,0,94.1
301,AAA_2,108,1,81.2
301,AAA_3,179,0,76.5
301,AAA_4,96,1,64.1
301,AAA_5,99,0,58.2
301,AAA_6,177,1,64.8
302,AAA_1,45,1,70.6
302,AAA_2,192,0,56.7
302,AAA_3,163,1,58.4
302,AAA_4,126,1,58.3
303,DDD_1,187,0,68.5
303,DDD_2,21,0,70.1
303,DDD_3,22,1,79.6
303,DDD_4,147,1,80.1
303,DDD_5,,1,
304,BBB_1,34,1,76.7
304,BBB_2,93,1,67.1
305,CCC_1,190,0,76.2
305,CCC_2,33,0,72.8
305,CCC_3,97,0,80.3
305,CCC_4,127,0,65.5
305,CCC_5,168,0,54.9
305,CCC_6,149,0,70.4
306,BBB_1,178,1,45.8
306,BBB_2,145,0,76.1
306,BBB_3,65,0,66.1
306,BBB_4,62,0,52.8
307,BBB_1,48,1,69.5
307,BBB_2,31,1,64.9
307,BBB_3,100,0,58.0
307,BBB_4,96,0,78.9
308,BBB_1,15,1,58.7
308,BBB_2,101,0,72.4
308,BBB_3,,0,
308,BBB_4,22,0,76.0
308,BBB_5,134,0,48.7
308,BBB_6,94,0,65.8
309,AAA_1,,0,
309,AAA_2,184,1,77.9
309,AAA_3,163,1,69.1
309,AAA_4,129,1,68.0
309,AAA_5,2,1,63.9
309,AAA_6,40,0,62.0
310,DDD_1,18,0,72.5
310,DDD_2,67,1,68.7
310,DDD_3,60,1,52.5
310,DDD_4,105,1,75.7
310,DDD_5,11,0,81.1
310,DDD_6,52,1,75.4
311,AAA_1,148,1,39.9
311,AAA_2,78,0,43.1
311,AAA_3,142,1,69.4
311,AAA_4,10,1,75.1
311,AAA_5,102,0,60.6
311,AAA_6,110,0,56.4
312,DDD_1,151,0,42.1
312,DDD_2,130,0,52.6
312,DDD_3,169,0,74.7
312,DDD_4,162,0,56.2
312,DDD_5,,1,
313,DDD_1,187,0,88.1
313,DDD_2,187,1,77.8
313,DDD_3,151,0,90.1
313,DDD_4,,0,
313,DDD_5,,1,
314,BBB_1,121,0,56.8
314,BBB_2,38,0,66.0
314,BBB_3,127,1,58.4
314,BBB_4,172,1,74.5
315,BBB_1,77,1,90.1
315,BBB_2,23,1,80.2
315,BBB_3,25,0,92.2
315,BBB_4,128,0,89.8
316,DDD_1,189,1,72.0
316,DDD_2,89,1,47.6
317,AAA_1,199,1,57.9
317,AAA_2,,0,
317,AAA_3,47,1,56.7
317,AAA_4,46,0,43.6
318,AAA_1,9,0,68.7
318,AAA_2,199,0,54.0
318,AAA_3,33,1,62.3
318,AAA_4,77,1,67.2
318,AAA_5,99,1,68.1
319,BBB_1,171,0,68.3
319,BBB_2,185,1,98.1
319,BBB_3,64,1,100
319,BBB_4,173,1,68.3
319,BBB_5,191,0,96.9
319,BBB_6,3,0,75.3
320,AAA_1,25,0,75.4
320,AAA_2,74,0,100
320,AAA_3,154,1,91.7
320,AAA_4,94,0,88.4
320,AAA_5,,1,
321,AAA_1,158,1,74.5
321,AAA_2,83,1,59.6
322,BBB_1,147,1,77.9
322,BBB_2,136,0,63.9
322,BBB_3,53,0,54.7
323,CCC_1,163,0,67.5
323,CCC_2,97,0,68.4
324,CCC_1,,0,
324,CCC_2,92,1,78.7
324,CCC_3,168,1,67.2
324,CCC_4,164,0,55.4
324,CCC_5,35,1,82.8
325,DDD_1,166,0,57.9
325,DDD_2,161,0,74.5
325,DDD_3,186,1,69.3
325,DDD_4,54,1,52.7
325,DDD_5,44,1,73.0
326,BBB_1,38,1,72.9
326,BBB_2,128,1,79.8
327,BBB_1,91,1,83.2
327,BBB_2,181,1,62.3
327,BBB_3,105,0,89.5
328,DDD_1,128,0,69.0
328,DDD_2,77,1,70.9
328,DDD_3,178,0,79.9
328,DDD_4,142,1,63.0
328,DDD_5,76,0,75.7
329,DDD_1,9,0,60.5
329,DDD_2,122,0,43.4
330,AAA_1,144,0,88.6
330,AAA_2,136,0,99.9
330,AAA_3,87,1,88.2
330,AAA_4,129,1,97.8
330,AAA_5,104,1,70.4
330,AAA_6,94,1,96.0
331,DDD_1,196,1,59.4
331,DDD_2,88,0,83.1
331,DDD_3,200,1,52.4
331,DDD_4,45,1,76.8
331,DDD_5,3,1,57.0
331,DDD_6,167,1,76.4
332,AAA_1,106,1,64.4
332,AAA_2,99,0,69.7
332,AAA_3,126,0,76.4
332,AAA_4,148,0,92.8
332,AAA_5,121,0,82.8
333,CCC_1,149,0,64.3
333,CCC_2,197,0,93.5
334,AAA_1,19,0,62.3
334,AAA_2,197,1,61.3
334,AAA_3,36,0,65.3
334,AAA_4,116,1,63.9
335,CCC_1,5,0,76.4
335,CCC_2,74,1,67.4
335,CCC_3,96,0,70.4
335,CCC_4,,0,
335,CCC_5,73,1,75.9
335,CCC_6,15,1,87.3
336,BBB_1,71,1,93.1
336,BBB_2,195,1,100
337,AAA_1,36,1,68.0
337,AAA_2,38,1,54.8
337,AAA_3,151,0,51.5
337,AAA_4,46,0,78.6
337,AAA_5,127,1,45.4
338,CCC_1,,1,
338,CCC_2,33,0,58.5
339,BBB_1,104,0,83.2
339,BBB_2,79,1,54.9
339,BBB_3,54,0,61.1
339,BBB_4,178,1,79.0
340,BBB_1,51,0,89.7
340,BBB_2,49,1,100
340,BBB_3,154,1,100.0
340,BBB_4,102,1,77.8
340,BBB_5,11,0,100
340,BBB_6,197,1,90.3
341,DDD_1,84,1,53.9
341,DDD_2,,0,
342,BBB_1,70,0,55.0
342,BBB_2,44,0,58.2
342,BBB_3,24,1,51.9
343,CCC_1,177,1,60.9
343,CCC_2,76,0,62.9
343,CCC_3,17,0,79.3
343,CCC_4,77,0,59.7
343,CCC_5,101,0,55.7
343,CCC_6,88,0,41.6
344,AAA_1,81,0,51.4
344,AAA_2,16,1,41.2
344,AAA_3,93,0,74.1
344,AAA_4,10,1,38.3
345,CCC_1,158,1,73.3
345,CCC_2,45,0,80.4
346,BBB_1,11,1,63.5
346,BBB_2,79,0,80.1
347,DDD_1,180,0,65.0
347,DDD_2,2,0,56.2
348,AAA_1,70,1,73.4
348,AAA_2,99,1,45.8
349,BBB_1,39,0,88.8
349,BBB_2,48,0,51.7
349,BBB_3,6,1,51.7
350,BBB_1,32,0,82.4
350,BBB_2,,1,
350,BBB_3,39,0,97.4
350,BBB_4,159,1,100
351,CCC_1,129,0,57.3
351,CCC_2,47,0,55.5
351,CCC_3,126,0,58.9
351,CCC_4,48,1,42.5
352,CCC_1,145,0,63.8
352,CCC_2,1,0,76.2
352,CCC_3,184,1,41.1
353,CCC_1,172,0,80.0
353,CCC_2,42,1,56.9
354,DDD_1,199,0,60.7
354,DDD_2,51,1,86.6
354,DDD_3,38,1,74.5
354,DDD_4,15,0,63.4
355,BBB_1,128,0,85.0
355,BBB_2,110,0,72.9
355,BBB_3,94,0,68.5
355,BBB_4,149,1,88.9
356,AAA_1,102,1,72.9
356,AAA_2,158,1,83.4
357,AAA_1,64,0,58.3
357,AAA_2,,0,
358,DDD_1,33,1,67.4
358,DDD_2,,1,
358,DDD_3,105,1,42.8
358,DDD_4,106,1,66.1
358,DDD_5,100,0,60.8
358,DDD_6,186,1,40.0
359,DDD_1,15,0,68.2
359,DDD_2,86,0,75.6
359,DDD_3,164,0,91.1
359,DDD_4,131,1,81.7
359,DDD_5,12,1,99.4
359,DDD_6,145,0,89.6
360,BBB_1,106,1,59.1
360,BBB_2,9,1,36.1
360,BBB_3,146,1,33.2
360,BBB_4,37,1,62.7
361,BBB_1,80,0,61.3
361,BBB_2,22,0,48.1
361,BBB_3,,1,
361,BBB_4,147,0,56.1
362,DDD_1,66,0,55.1
362,DDD_2,148,0,56.3
362,DDD_3,,1,
363,BBB_1,2,0,92.4
363,BBB_2,,0,
363,BBB_3,107,0,88.5
363,BBB_4,134,1,55.7
363,BBB_5,125,0,66.4
363,BBB_6,,1,
364,BBB_1,4,1,84.3
364,BBB_2,,0,
364,BBB_3,29,1,100
365,BBB_1,136,0,94.0
365,BBB_2,23,1,80.9
365,BBB_3,75,0,80.1
365,BBB_4,160,0,98.8
365,BBB_5,41,0,81.7
366,AAA_1,157,0,59.3
366,AAA_2,47,1,54.8
366,AAA_3,4,1,51.6
366,AAA_4,159,1,78.9
367,CCC_1,179,1,46.3
367,CCC_2,40,1,46.6
367,CCC_3,184,0,68.9
368,BBB_1,75,0,70.8
368,BBB_2,20,1,92.9
368,BBB_3,60,1,77.8
369,BBB_1,112,1,97.2
369,BBB_2,8,1,74.5
369,BBB_3,133,1,80.5
369,BBB_4,31,1,69.8
369,BBB_5,87,0,95.9
370,CCC_1,101,1,34.2
370,CCC_2,113,0,50.8
370,CCC_3,152,0,64.9
371,BBB_1,91,0,82.0
371,BBB_2,125,1,85.6
371,BBB_3,27,0,68.5
371,BBB_4,135,1,88.0
371,BBB_5,15,0,86.7
371,BBB_6,124,0,69.9
372,CCC_1,102,1,81.3
372,CCC_2,166,1,99.3
372,CCC_3,146,0,76.3
372,CCC_4,94,1,68.3
373,BBB_1,111,0,54.5
373,BBB_2,142,0,59.5
373,BBB_3,29,1,37.0
373,BBB_4,167,1,51.3
374,DDD_1,63,0,78.1
374,DDD_2,170,0,85.1
374,DDD_3,148,0,61.0
374,DDD_4,192,0,70.7
374,DDD_5,,1,
375,CCC_1,29,1,93.8
375,CCC_2,153,0,87.7
375,CCC_3,144,0,91.8
375,CCC_4,118,1,92.7
376,DDD_1,169,1,59.9
376,DDD_2,175,0,64.6
376,DDD_3,196,0,64.1
376,DDD_4,142,0,73.9
377,AAA_1,78,0,50.4
377,AAA_2,88,1,69.8
377,AAA_3,159,1,48.0
378,BBB_1,121,0,87.4
378,BBB_2,50,0,96.8
378,BBB_3,90,1,82.7
378,BBB_4,174,0,88.8
378,BBB_5,193,1,82.4
378,BBB_6,46,1,100
379,DDD_1,126,0,49.7
379,DDD_2,124,1,47.3
379,DDD_3,88,1,81.2
379,DDD_4,6,0,47.1
379,DDD_5,88,0,81.8
379,DDD_6,62,0,54.3
380,CCC_1,,0,
380,CCC_2,116,0,62.2
380,CCC_3,,1,
380,CCC_4,91,0,79.5
380,CCC_5,60,0,91.5
380,CCC_6,135,1,96.0
381,DDD_1,200,0,72.4
381,DDD_2,70,0,95.7
381,DDD_3,30,1,97.1
381,DDD_4,198,1,92.2
381,DDD_5,156,1,100
381,DDD_6,168,0,77.6
382,DDD_1,22,0,62.0
382,DDD_2,197,1,72.6
383,CCC_1,74,1,78.6
383,CCC_2,,1,
384,BBB_1,111,0,66.0
384,BBB_2,,0,
384,BBB_3,155,1,70.5
385,DDD_1,170,0,72.4
385,DDD_2,122,1,57.4
385,DDD_3,,1,
385,DDD_4,57,1,77.3
385,DDD_5,52,0,72.4
385,DDD_6,,1,
386,DDD_1,121,1,78.4
386,DDD_2,102,0,50.4
386,DDD_3,194,1,62.7
386,DDD_4,,0,
387,CCC_1,176,1,54.6
387,CCC_2,129,0,67.6
387,CCC_3,154,1,59.9
387,CCC_4,,1,
387,CCC_5,137,1,76.7
387,CCC_6,188,0,49.4
388,BBB_1,36,0,32.7
388,BBB_2,8,1,45.5
389,BBB_1,98,1,71.7
389,BBB_2,91,1,85.0
389,BBB_3,177,1,75.2
389,BBB_4,9,1,72.2
389,BBB_5,3,1,84.3
389,BBB_6,,1,
390,DDD_1,125,1,69.0
390,DDD_2,198,0,84.7
390,DDD_3,199,0,71.8
390,DDD_4,126,1,64.8
391,BBB_1,200,0,79.1
391,BBB_2,174,0,61.1
391,BBB_3,1,0,76.2
392,DDD_1,111,0,77.2
392,DDD_2,49,0,75.2
392,DDD_3,194,0,56.4
393,BBB_1,73,0,59.6
393,BBB_2,136,0,77.1
394,CCC_1,78,1,100
394,CCC_2,180,0,100
394,CCC_3,177,1,73.3
394,CCC_4,180,0,68.0
394,CCC_5,164,0,76.2
394,CCC_6,168,0,100
395,CCC_1,144,1,64.3
395,CCC_2,148,1,81.6
395,CCC_3,129,0,88.0
395,CCC_4,92,0,81.4
396,BBB_1,1,1,69.9
396,BBB_2,140,1,70.0
396,BBB_3,,0,
396,BBB_4,,1,
396,BBB_5,,1,
396,BBB_6,72,0,71.4
397,CCC_1,185,0,92.6
397,CCC_2,193,0,75.6
397,CCC_3,143,0,96.4
397,CCC_4,151,0,82.1
397,CCC_5,17,0,83.9
398,CCC_1,152,0,90.9
398,CCC_2,120,0,90.7
398,CCC_3,138,0,72.8
398,CCC_4,66,1,63.5
398,CCC_5,181,0,78.3
398,CCC_6,187,0,91.5
399,BBB_1,,1,
399,BBB_2,45,1,62.8
399,BBB_3,58,1,64.9
400,CCC_1,60,0,66.3
400,CCC_2,35,1,57.7
400,CCC_3,60,1,51.6
401,DDD_1,71,0,54.4
401,DDD_2,160,0,42.3
401,DDD_3,,0,
401,DDD_4,152,0,36.7
401,DDD_5,117,0,57.8
402,BBB_1,125,1,96.9
402,BBB_2,16,0,93.2
402,BBB_3,143,0,69.1
403,AAA_1,4,0,69.7
403,AAA_2,76,1,61.6
403,AAA_3,43,0,68.4
404,AAA_1,109,1,92.9
404,AAA_2,154,1,72.4
404,AAA_3,90,0,79.9
404,AAA_4,180,0,89.4
404,AAA_5,30,1,80.2
404,AAA_6,187,1,82.6
405,AAA_1,108,0,99.9
405,AAA_2,51,1,93.9
405,AAA_3,192,0,87.8
405,AAA_4,108,1,77.4
405,AAA_5,142,1,93.5
406,BBB_1,,0,
406,BBB_2,121,1,87.6
406,BBB_3,,0,
406,BBB_4,169,0,85.7
406,BBB_5,42,0,75.6
407,BBB_1,115,1,56.2
407,BBB_2,173,1,70.3
407,BBB_3,187,0,48.7
408,CCC_1,,1,
408,CCC_2,167,0,95.7
408,CCC_3,155,1,97.7
408,CCC_4,15,1,78.9
408,CCC_5,159,1,78.7
409,AAA_1,72,0,67.7
409,AAA_2,,0,
409,AAA_3,160,0,48.8
409,AAA_4,142,0,40.6
410,CCC_1,24,0,36.3
410,CCC_2,167,0,73.2
410,CCC_3,148,0,56.2
410,CCC_4,112,0,62.9
410,CCC_5,70,0,60.0
410,CCC_6,22,1,39.2
411,AAA_1,6,1,75.4
411,AAA_2,196,0,72.5
411,AAA_3,65,1,74.8
411,AAA_4,19,0,72.9
412,DDD_1,161,0,81.3
412,DDD_2,155,1,66.6
412,DDD_3,64,0,77.1
413,BBB_1,16,0,57.9
413,BBB_2,140,0,72.3
414,DDD_1,71,0,56.4
414,DDD_2,160,0,43.0
415,CCC_1,122,0,100
415,CCC_2,119,1,97.0
415,CCC_3,116,0,69.6
415,CCC_4,142,0,81.7
415,CCC_5,83,0,78.6
416,BBB_1,160,1,52.0
416,BBB_2,142,0,56.3
416,BBB_3,152,1,58.2
416,BBB_4,109,0,48.2
417,DDD_1,64,0,73.1
417,DDD_2,,1,
417,DDD_3,49,0,71.5
417,DDD_4,167,0,95.1
418,BBB_1,149,0,90.6
418,BBB_2,10,1,100
418,BBB_3,8,0,96.3
418,BBB_4,135,1,76.3
418,BBB_5,116,0,100
418,BBB_6,18,1,93.0
419,DDD_1,,1,
419,DDD_2,144,1,57.8
419,DDD_3,17,1,64.8
419,DDD_4,91,0,59.9
419,DDD_5,129,0,61.1
419,DDD_6,148,0,75.9
420,DDD_1,13,1,60.6
420,DDD_2,173,0,62.1
420,DDD_3,143,1,73.9
420,DDD_4,21,1,48.3
421,AAA_1,,0,
421,AAA_2,21,1,57.3
421,AAA_3,91,1,45.9
422,DDD_1,83,0,94.9
422,DDD_2,,1,
422,DDD_3,142,1,72.8
422,DDD_4,168,0,65.7
422,DDD_5,183,0,70.6
422,DDD_6,2,1,94.2
423,AAA_1,36,0,84.0
423,AAA_2,46,0,81.0
424,DDD_1,10,0,91.9
424,DDD_2,41,1,87.3
424,DDD_3,146,1,97.8
425,AAA_1,90,1,70.1
425,AAA_2,104,1,83.1
425,AAA_3,146,1,91.0
425,AAA_4,176,0,75.9
425,AAA_5,87,0,90.6
425,AAA_6,21,0,73.7
426,AAA_1,22,0,82.4
426,AAA_2,8,1,67.4
426,AAA_3,73,1,72.3
426,AAA_4,175,0,61.4
426,AAA_5,13,0,92.9
426,AAA_6,,0,
427,AAA_1,80,1,71.0
427,AAA_2,23,1,75.7
427,AAA_3,71,0,72.2
427,AAA_4,178,0,100
427,AAA_5,128,1,100
427,AAA_6,200,0,76.0
428,BBB_1,145,1,52.1
428,BBB_2,33,0,54.0
428,BBB_3,72,0,56.1
429,AAA_1,144,0,62.7
429,AAA_2,137,1,81.8
429,AAA_3,74,0,76.7
429,AAA_4,59,1,63.2
429,AAA_5,170,0,93.1
429,AAA_6,62,0,74.8
430,BBB_1,108,0,71.7
430,BBB_2,133,0,88.5
430,BBB_3,76,1,66.5
430,BBB_4,,1,
430,BBB_5,196,0,92.7
430,BBB_6,189,1,67.2
431,DDD_1,126,1,76.0
431,DDD_2,22,0,94.8
431,DDD_3,53,0,95.4
431,DDD_4,135,1,89.4
431,DDD_5,76,1,98.6
431,DDD_6,27,1,81.3
432,DDD_1,64,0,86.5
432,DDD_2,120,0,80.0
432,DDD_3,53,1,100
432,DDD_4,124,1,73.8
432,DDD_5,31,0,87.9
433,BBB_1,,0,
433,BBB_2,67,0,85.9
434,AAA_1,66,1,92.4
434,AAA_2,124,0,76.0
434,AAA_3,121,1,77.4
435,BBB_1,81,1,80.6
435,BBB_2,,0,
436,CCC_1,184,0,60.3
436,CCC_2,104,0,62.7
437,BBB_1,74,0,40.0
437,BBB_2,159,1,54.0
437,BBB_3,158,1,34.8
437,BBB_4,42,0,69.5
438,AAA_1,196,0,72.3
438,AAA_2,159,0,85.3
439,AAA_1,131,0,75.5
439,AAA_2,5,0,75.8
439,AAA_3,184,0,82.2
439,AAA_4,51,0,85.9
440,DDD_1,119,0,63.9
440,DDD_2,142,0,68.9
440,DDD_3,144,1,74.0
440,DDD_4,185,0,84.4
440,DDD_5,,0,
440,DDD_6,139,0,69.3
441,CCC_1,13,0,76.9
441,CCC_2,,0,
441,CCC_3,157,0,72.7
441,CCC_4,42,1,75.7
442,BBB_1,44,1,88.4
442,BBB_2,144,1,62.6
442,BBB_3,90,0,62.7
442,BBB_4,172,0,52.2
442,BBB_5,196,1,58.1
442,BBB_6,173,1,73.4
443,BBB_1,117,0,46.0
443,BBB_2,196,1,46.2
443,BBB_3,84,1,70.2
444,DDD_1,2,0,65.1
444,DDD_2,198,0,87.9
444,DDD_3,50,0,71.7
444,DDD_4,110,0,89.5
444,DDD_5,,1,
445,BBB_1,166,0,86.8
445,BBB_2,,1,
446,AAA_1,149,0,72.8
446,AAA_2,192,1,48.1
446,AAA_3,,0,
447,CCC_1,138,0,74.1
447,CCC_2,,0,
447,CCC_3,6,0,72.3
447,CCC_4,22,1,94.8
447,CCC_5,57,1,72.5
448,BBB_1,105,1,78.3
448,BBB_2,134,0,76.4
448,BBB_3,132,0,70.4
448,BBB_4,167,1,67.7
448,BBB_5,118,1,81.4
448,BBB_6,,0,
449,AAA_1,117,1,61.6
449,AAA_2,,1,
449,AAA_3,194,0,75.7
449,AAA_4,49,0,50.5
450,AAA_1,79,0,66.8
450,AAA_2,197,0,71.2
451,DDD_1,107,1,51.2
451,DDD_2,81,0,72.6
451,DDD_3,144,1,68.2
451,DDD_4,133,1,82.7
452,AAA_1,11,1,70.6
452,AAA_2,,1,
453,AAA_1,153,0,47.7
453,AAA_2,71,1,80.3
453,AAA_3,,1,
454,DDD_1,31,1,94.1
454,DDD_2,131,1,65.9
454,DDD_3,45,0,93.3
454,DDD_4,187,0,84.1
454,DDD_5,105,0,67.0
455,BBB_1,98,0,49.0
455,BBB_2,83,0,62.2
455,BBB_3,29,1,35.6
455,BBB_4,197,1,61.2
455,BBB_5,14,0,66.2
456,AAA_1,,1,
456,AAA_2,56,0,77.9
456,AAA_3,59,1,60.4
456,AAA_4,76,0,53.5
456,AAA_5,,0,
457,BBB_1,,1,
457,BBB_2,47,1,94.8
457,BBB_3,9,0,77.8
458,DDD_1,147,1,50.7
458,DDD_2,73,0,86.2
458,DDD_3,,0,
458,DDD_4,34,0,65.3
458,DDD_5,28,0,72.4
458,DDD_6,95,1,68.0
459,DDD_1,179,1,93.6
459,DDD_2,123,1,84.6
459,DDD_3,160,1,60.7
459,DDD_4,152,0,77.5
459,DDD_5,,1,
460,CCC_1,126,1,100
460,CCC_2,158,1,80.4
460,CCC_3,200,1,94.8
460,CCC_4,144,0,98.8
460,CCC_5,80,0,94.9
460,CCC_6,143,1,95.1
461,BBB_1,43,0,85.0
461,BBB_2,,0,
461,BBB_3,196,1,88.3
461,BBB_4,120,1,67.2
462,AAA_1,26,1,82.6
462,AAA_2,92,0,81.0
462,AAA_3,,1,
462,AAA_4,19,0,82.4
462,AAA_5,60,1,49.1
462,AAA_6,96,1,77.8
463,CCC_1,18,1,60.4
463,CCC_2,49,0,67.6
463,CCC_3,58,1,71.6
463,CCC_4,150,1,60.3
463,CCC_5,,1,
463,CCC_6,154,0,59.2
464,AAA_1,71,0,99.8
464,AAA_2,2,1,99.8
464,AAA_3,27,1,68.3
464,AAA_4,130,1,92.0
465,DDD_1,81,1,70.7
465,DDD_2,106,1,56.1
465,DDD_3,15,1,62.1
466,AAA_1,94,1,35.4
466,AAA_2,38,1,39.7
466,AAA_3,25,0,36.5
467,CCC_1,,1,
467,CCC_2,61,0,92.5
468,DDD_1,122,1,62.3
468,DDD_2,60,1,54.1
468,DDD_3,15,1,46.2
468,DDD_4,106,0,52.9
468,DDD_5,84,1,62.9
469,BBB_1,60,1,70.7
469,BBB_2,86,0,66.2
470,BBB_1,133,1,61.0
470,BBB_2,64,1,80.4
470,BBB_3,122,1,67.1
470,BBB_4,133,0,82.0
470,BBB_5,55,1,79.9
470,BBB_6,,0,
471,BBB_1,16,1,68.0
471,BBB_2,133,0,91.7
471,BBB_3,62,1,73.6
471,BBB_4,97,1,79.8
471,BBB_5,83,0,79.8
471,BBB_6,174,0,96.5
472,DDD_1,154,1,84.1
472,DDD_2,175,1,76.1
472,DDD_3,69,0,70.4
472,DDD_4,33,0,78.2
472,DDD_5,194,1,63.9
473,BBB_1,62,1,46.6
473,BBB_2,76,1,63.8
473,BBB_3,,1,
474,AAA_1,97,0,69.2
474,AAA_2,108,0,67.4
474,AAA_3,167,1,75.6
475,AAA_1,120,1,63.7
475,AAA_2,32,1,78.8
475,AAA_3,68,1,48.4
475,AAA_4,173,0,60.1
476,AAA_1,38,0,74.3
476,AAA_2,188,0,81.9
476,AAA_3,174,1,73.8
476,AAA_4,187,0,78.2
476,AAA_5,27,1,83.6
477,CCC_1,79,1,62.2
477,CCC_2,88,0,62.8
477,CCC_3,,0,
477,CCC_4,8,0,57.5
477,CCC_5,83,0,79.0
477,CCC_6,70,1,59.4
478,AAA_1,,0,
478,AAA_2,89,0,75.3
479,CCC_1,147,0,53.3
479,CCC_2,2,1,44.9
479,CCC_3,79,0,70.7
479,CCC_4,55,0,33.8
479,CCC_5,61,1,44.7
479,CCC_6,141,0,50.2
480,AAA_1,184,1,63.9
480,AAA_2,143,0,62.1
480,AAA_3,35,1,49.1
480,AAA_4,69,0,41.7
481,AAA_1,173,0,74.3
481,AAA_2,108,1,47.2
481,AAA_3,56,1,71.8
481,AAA_4,,0,
482,BBB_1,80,0,65.6
482,BBB_2,123,0,78.8
483,DDD_1,42,1,62.2
483,DDD_2,193,1,58.4
483,DDD_3,87,1,78.0
483,DDD_4,194,1,74.6
484,CCC_1,141,0,80.3
484,CCC_2,157,1,92.4
484,CCC_3,182,0,76.0
484,CCC_4,85,0,88.5
484,CCC_5,79,0,88.2
485,AAA_1,74,1,99.4
485,AAA_2,11,1,71.0
485,AAA_3,100,0,90.6
485,AAA_4,176,1,87.5
485,AAA_5,182,0,82.6
485,AAA_6,,0,
486,DDD_1,187,1,60.8
486,DDD_2,185,0,65.8
487,CCC_1,125,0,96.8
487,CCC_2,60,1,67.2
487,CCC_3,195,0,82.7
487,CCC_4,118,0,60.7
488,AAA_1,69,1,69.2
488,AAA_2,3,1,69.2
488,AAA_3,149,0,92.8
488,AAA_4,,0,
488,AAA_5,47,1,75.5
488,AAA_6,118,0,74.0
489,DDD_1,187,0,73.0
489,DDD_2,54,1,66.0
490,BBB_1,72,1,66.0
490,BBB_2,41,1,47.0
491,AAA_1,161,0,74.4
491,AAA_2,25,0,74.5
491,AAA_3,148,1,62.6
491,AAA_4,83,0,49.1
491,AAA_5,67,0,56.4
491,AAA_6,70,0,67.9
492,BBB_1,15,1,68.4
492,BBB_2,173,1,61.9
492,BBB_3,71,1,72.6
492,BBB_4,157,0,47.8
492,BBB_5,174,1,51.9
493,DDD_1,57,1,81.6
493,DDD_2,39,1,76.8
493,DDD_3,198,1,74.0
494,BBB_1,163,1,76.4
494,BBB_2,85,0,57.8
494,BBB_3,71,1,53.2
494,BBB_4,125,0,61.8
495,DDD_1,127,0,87.2
495,DDD_2,88,0,60.2
495,DDD_3,136,1,82.2
495,DDD_4,104,1,72.5
495,DDD_5,84,0,76.1
496,AAA_1,123,1,91.3
496,AAA_2,3,1,69.1
496,AAA_3,95,0,100
497,BBB_1,82,0,93.0
497,BBB_2,145,0,65.1
498,CCC_1,,0,
498,CCC_2,128,1,66.1
498,CCC_3,83,0,84.0
498,CCC_4,75,1,72.5
498,CCC_5,85,0,100
499,CCC_1,28,1,100
499,CCC_2,148,0,72.1
499,CCC_3,66,1,86.7
500,AAA_1,,0,
500,AAA_2,190,0,99.2
501,CCC_1,79,0,92.4
501,CCC_2,14,0,65.0
501,CCC_3,82,0,82.3
501,CCC_4,22,0,69.1
502,CCC_1,133,1,94.1
502,CCC_2,74,0,60.6
503,DDD_1,18,1,86.5
503,DDD_2,15,1,60.6
503,DDD_3,44,1,87.1
503,DDD_4,35,1,62.2
503,DDD_5,,0,
503,DDD_6,12,1,82.0
504,CCC_1,146,0,44.0
504,CCC_2,101,0,44.5
504,CCC_3,69,0,75.3
504,CCC_4,90,1,72.2
505,CCC_1,124,1,92.3
505,CCC_2,22,0,72.3
505,CCC_3,101,0,74.8
505,CCC_4,140,0,75.1
505,CCC_5,188,1,86.2
505,CCC_6,70,1,79.2
506,DDD_1,173,1,74.7
506,DDD_2,190,0,86.3
506,DDD_3,155,1,80.1
506,DDD_4,118,0,71.2
506,DDD_5,187,1,93.6
507,BBB_1,42,0,63.6
507,BBB_2,82,0,82.2
507,BBB_3,137,1,84.3
507,BBB_4,38,0,66.9
508,CCC_1,174,0,52.5
508,CCC_2,55,0,36.8
508,CCC_3,49,0,62.4
508,CCC_4,176,0,72.9
509,AAA_1,132,0,75.1
509,AAA_2,60,0,63.0
509,AAA_3,97,1,81.5
509,AAA_4,92,0,58.8
510,BBB_1,151,1,86.6
510,BBB_2,171,0,81.4
510,BBB_3,114,1,59.6
511,CCC_1,183,1,52.1
511,CCC_2,19,1,51.5
511,CCC_3,192,0,46.5
511,CCC_4,125,0,31.5
511,CCC_5,14,0,41.9
511,CCC_6,61,1,34.7
512,AAA_1,41,0,79.4
512,AAA_2,194,0,63.1
513,BBB_1,156,0,74.2
513,BBB_2,22,1,75.7
513,BBB_3,1,0,68.2
513,BBB_4,55,1,62.8
513,BBB_5,156,1,84.4
513,BBB_6,,0,
514,CCC_1,135,0,57.3
514,CCC_2,173,1,64.7
514,CCC_3,182,0,71.3
514,CCC_4,141,0,75.5
514,CCC_5,82,0,68.8
515,AAA_1,4,0,54.6
515,AAA_2,79,0,80.6
515,AAA_3,193,0,52.4
516,BBB_1,128,1,88.7
516,BBB_2,42,0,79.9
516,BBB_3,8,0,86.9
517,DDD_1,,0,
517,DDD_2,81,0,81.9
517,DDD_3,41,0,91.6
517,DDD_4,73,1,61.4
517,DDD_5,107,0,74.1
518,CCC_1,32,1,86.8
518,CCC_2,45,0,80.1
518,CCC_3,175,1,78.3
518,CCC_4,41,0,64.7
519,BBB_1,198,0,69.0
519,BBB_2,142,1,59.5
519,BBB_3,155,1,50.6
519,BBB_4,121,0,45.9
519,BBB_5,136,1,64.8
520,BBB_1,193,0,50.7
520,BBB_2,167,0,50.6
520,BBB_3,67,0,74.4
521,CCC_1,70,0,76.9
521,CCC_2,54,0,63.3
521,CCC_3,72,0,93.4
521,CCC_4,,1,
521,CCC_5,,1,
522,AAA_1,157,0,70.6
522,AAA_2,191,1,62.0
522,AAA_3,168,1,39.7
522,AAA_4,122,1,49.5
522,AAA_5,18,0,51.1
522,AAA_6,17,0,56.2
523,AAA_1,8,1,100
523,AAA_2,33,0,100
523,AAA_3,103,0,84.4
523,AAA_4,6,0,74.3
523,AAA_5,154,0,89.9
524,AAA_1,163,0,73.9
524,AAA_2,58,0,77.8
525,BBB_1,41,0,54.1
525,BBB_2,36,1,60.1
525,BBB_3,20,1,56.2
525,BBB_4,77,0,57.2
525,BBB_5,141,1,58.9
525,BBB_6,,0,
526,AAA_1,64,0,74.3
526,AAA_2,147,0,90.8
527,DDD_1,31,1,67.4
527,DDD_2,190,0,65.7
527,DDD_3,95,0,90.1
527,DDD_4,,1,
527,DDD_5,185,1,59.7
528,AAA_1,133,0,73.1
528,AAA_2,145,1,87.0
528,AAA_3,189,0,82.7
528,AAA_4,180,1,95.7
528,AAA_5,112,0,90.1
529,BBB_1,78,1,43.2
529,BBB_2,164,1,62.4
529,BBB_3,186,1,62.0
530,AAA_1,41,1,89.4
530,AAA_2,,1,
530,AAA_3,109,0,81.4
530,AAA_4,129,0,72.3
530,AAA_5,193,0,91.1
530,AAA_6,153,1,95.2
531,AAA_1,123,1,86.7
531,AAA_2,5,1,84.6
531,AAA_3,133,0,80.0
531,AAA_4,41,1,90.4
532,DDD_1,42,0,61.7
532,DDD_2,46,1,57.5
532,DDD_3,64,0,53.9
533,BBB_1,194,0,39.2
533,BBB_2,193,0,51.6
534,AAA_1,70,0,64.2
534,AAA_2,166,1,71.8
534,AAA_3,,0,
534,AAA_4,15,0,50.4
534,AAA_5,,0,
535,BBB_1,155,0,50.0
535,BBB_2,94,0,45.4
535,BBB_3,120,0,52.9
535,BBB_4,198,0,44.9
535,BBB_5,35,1,41.2
535,BBB_6,15,0,63.1
536,CCC_1,176,0,50.9
536,CCC_2,,0,
537,CCC_1,144,0,83.5
537,CCC_2,181,0,76.3
538,AAA_1,132,0,75.7
538,AAA_2,160,1,96.1
538,AAA_3,175,1,100
539,AAA_1,156,1,74.8
539,AAA_2,,0,
539,AAA_3,174,0,100
539,AAA_4,132,0,87.1
540,DDD_1,,1,
540,DDD_2,165,1,75.7
540,DDD_3,36,0,72.8
541,AAA_1,12,1,60.0
541,AAA_2,185,0,61.2
541,AAA_3,56,0,44.9
541,AAA_4,16,1,67.7
542,DDD_1,143,0,52.8
542,DDD_2,163,1,43.3
542,DDD_3,159,0,69.3
542,DDD_4,85,1,52.6
543,BBB_1,136,1,99.0
543,BBB_2,38,0,69.9
544,BBB_1,,1,
544,BBB_2,194,0,100
544,BBB_3,148,0,95.7
544,BBB_4,194,1,88.4
545,CCC_1,,1,
545,CCC_2,87,1,57.0
545,CCC_3,,0,
545,CCC_4,10,1,60.7
545,CCC_5,77,0,62.7
546,AAA_1,,1,
546,AAA_2,194,1,73.6
546,AAA_3,31,0,80.7
546,AAA_4,181,1,58.5
547,CCC_1,138,0,61.5
547,CCC_2,,1,
548,DDD_1,83,1,58.6
548,DDD_2,108,1,76.5
548,DDD_3,13,1,80.8
549,CCC_1,,0,
549,CCC_2,,1,
549,CCC_3,65,0,62.5
549,CCC_4,25,0,58.0
549,CCC_5,12,1,34.3
550,DDD_1,170,0,71.2
550,DDD_2,139,1,63.0
550,DDD_3,94,0,81.7
551,CCC_1,90,1,78.3
551,CCC_2,62,0,74.2
552,AAA_1,22,0,74.0
552,AAA_2,69,0,73.8
552,AAA_3,110,0,63.0
552,AAA_4,30,1,67.2
552,AAA_5,49,1,70.4
553,BBB_1,135,0,78.9
553,BBB_2,134,1,78.6
553,BBB_3,130,1,78.8
554,CCC_1,154,0,69.4
554,CCC_2,39,0,52.5
555,DDD_1,12,0,80.3
555,DDD_2,66,1,62.6
555,DDD_3,89,0,80.2
555,DDD_4,144,0,70.7
556,DDD_1,126,0,48.3
556,DDD_2,9,1,80.9
556,DDD_3,37,1,70.9
556,DDD_4,78,0,84.2
556,DDD_5,97,1,86.2
557,CCC_1,68,0,100
557,CCC_2,4,0,100
557,CCC_3,42,1,89.2
558,DDD_1,65,1,59.7
558,DDD_2,101,0,68.0
559,AAA_1,67,0,76.3
559,AAA_2,13,1,72.9
559,AAA_3,145,1,100
560,BBB_1,47,1,43.1
560,BBB_2,24,0,54.2
560,BBB_3,8,1,58.8
560,BBB_4,19,0,37.8
560,BBB_5,46,0,46.5
560,BBB_6,,1,
561,DDD_1,136,0,85.6
561,DDD_2,172,0,67.2
562,CCC_1,68,1,69.1
562,CCC_2,80,1,81.9
562,CCC_3,,1,
563,AAA_1,193,0,71.9
563,AAA_2,100,1,66.9
564,BBB_1,27,1,71.5
564,BBB_2,142,0,74.0
565,AAA_1,22,0,48.6
565,AAA_2,22,0,36.3
565,AAA_3,105,1,48.6
565,AAA_4,162,0,66.6
566,CCC_1,171,1,64.5
566,CCC_2,169,1,59.5
566,CCC_3,114,1,64.3
566,CCC_4,114,0,67.5
567,CCC_1,125,0,68.9
567,CCC_2,186,0,73.0
567,CCC_3,,0,
568,BBB_1,107,0,60.9
568,BBB_2,64,1,32.8
568,BBB_3,147,0,61.6
568,BBB_4,8,0,69.8
568,BBB_5,82,0,68.7
568,BBB_6,193,0,40.3
569,CCC_1,69,1,57.9
569,CCC_2,180,0,76.8
569,CCC_3,63,1,53.0
570,AAA_1,130,1,51.0
570,AAA_2,183,0,70.8
570,AAA_3,137,0,66.9
570,AAA_4,158,0,78.0
570,AAA_5,135,0,73.1
570,AAA_6,180,1,43.3
571,BBB_1,162,0,92.1
571,BBB_2,108,0,95.7
571,BBB_3,5,0,92.2
571,BBB_4,191,0,80.5
571,BBB_5,10,1,96.3
572,AAA_1,13,1,54.2
572,AAA_2,195,0,75.2
572,AAA_3,23,1,86.1
573,DDD_1,38,1,43.0
573,DDD_2,144,1,56.1
573,DDD_3,194,1,59.4
573,DDD_4,149,1,58.9
573,DDD_5,14,1,43.6
574,BBB_1,12,0,38.9
574,BBB_2,6,0,62.7
574,BBB_3,31,0,43.5
574,BBB_4,62,0,67.9
574,BBB_5,70,1,72.9
575,AAA_1,102,0,74.7
575,AAA_2,34,0,52.1
575,AAA_3,,1,
575,AAA_4,33,1,61.6
576,BBB_1,13,1,36.2
576,BBB_2,144,1,46.4
576,BBB_3,8,1,38.7
576,BBB_4,82,1,48.9
576,BBB_5,88,1,53.0
577,BBB_1,18,0,46.2
577,BBB_2,113,0,54.4
577,BBB_3,176,0,69.6
578,DDD_1,,1,
578,DDD_2,100,1,72.6
579,AAA_1,82,0,89.6
579,AAA_2,73,0,64.0
579,AAA_3,110,1,88.8
579,AAA_4,11,0,90.7
580,AAA_1,70,1,74.1
580,AAA_2,28,0,83.3
580,AAA_3,93,1,68.2
580,AAA_4,97,1,61.6
580,AAA_5,56,1,92.6
581,CCC_1,64,1,67.0
581,CCC_2,,1,
581,CCC_3,172,0,76.2
582,CCC_1,30,1,69.3
582,CCC_2,91,1,86.5
582,CCC_3,2,0,54.4
583,CCC_1,74,0,46.8
583,CCC_2,,0,
583,CCC_3,189,0,78.2
584,AAA_1,,1,
584,AAA_2,96,1,70.5
584,AAA_3,90,1,52.0
584,AAA_4,59,0,53.7
584,AAA_5,84,1,57.0
585,BBB_1,126,0,100
585,BBB_2,29,0,100
586,BBB_1,139,0,47.6
586,BBB_2,171,1,40.3
586,BBB_3,,0,
586,BBB_4,123,0,45.7
586,BBB_5,84,0,58.9
587,AAA_1,200,0,51.3
587,AAA_2,130,1,53.7
587,AAA_3,35,0,58.6
587,AAA_4,23,0,82.0
587,AAA_5,99,0,53.2
587,AAA_6,154,1,64.3
588,BBB_1,35,1,42.6
588,BBB_2,120,1,38.1
589,AAA_1,,0,
589,AAA_2,17,1,62.3
590,CCC_1,108,0,59.2
590,CCC_2,48,1,66.0
591,AAA_1,185,0,63.1
591,AAA_2,66,0,85.2
592,AAA_1,96,0,98.2
592,AAA_2,,1,
592,AAA_3,120,0,92.6
593,AAA_1,171,0,67.2
593,AAA_2,117,1,70.1
593,AAA_3,126,1,94.1
593,AAA_4,192,1,67.8
593,AAA_5,61,1,86.3
594,AAA_1,13,1,59.8
594,AAA_2,31,1,65.2
594,AAA_3,79,0,45.5
595,CCC_1,28,0,55.6
595,CCC_2,18,0,62.5
595,CCC_3,43,0,61.4
595,CCC_4,16,1,72.1
595,CCC_5,119,0,43.7
596,BBB_1,79,1,90.9
596,BBB_2,99,1,90.6
596,BBB_3,60,1,68.6
596,BBB_4,,0,
596,BBB_5,65,1,92.0
596,BBB_6,167,0,76.1
597,DDD_1,103,0,96.5
597,DDD_2,,0,
597,DDD_3,129,1,85.2
597,DDD_4,13,1,81.2
598,AAA_1,43,1,86.7
598,AAA_2,22,1,77.5
599,AAA_1,184,0,44.4
599,AAA_2,23,1,47.5
599,AAA_3,125,1,55.1
599,AAA_4,140,1,34.5
600,AAA_1,7,1,87.2
600,AAA_2,45,0,91.9
600,AAA_3,43,0,78.8
600,AAA_4,,0,
601,AAA_1,22,0,65.7
601,AAA_2,190,0,77.5
602,CCC_1,72,0,60.1
602,CCC_2,13,1,42.3
603,DDD_1,,0,
603,DDD_2,115,1,68.5
604,BBB_1,40,0,98.7
604,BBB_2,174,0,86.6
604,BBB_3,8,1,93.3
604,BBB_4,99,0,67.3
604,BBB_5,103,0,63.9
605,BBB_1,32,0,90.9
605,BBB_2,81,0,78.1
605,BBB_3,74,1,80.8
605,BBB_4,13,0,84.7
606,AAA_1,142,0,100
606,AAA_2,11,1,87.7
606,AAA_3,,1,
606,AAA_4,171,0,66.7
606,AAA_5,183,1,91.6
606,AAA_6,118,1,71.6
607,AAA_1,14,1,82.6
607,AAA_2,40,1,57.1
608,CCC_1,187,1,57.1
608,CCC_2,47,0,76.4
608,CCC_3,93,0,63.2
608,CCC_4,79,0,84.6
609,BBB_1,175,0,81.3
609,BBB_2,116,1,71.8
609,BBB_3,,1,
609,BBB_4,144,0,88.2
609,BBB_5,37,0,100.0
609,BBB_6,151,1,66.1
610,BBB_1,150,1,100
610,BBB_2,189,1,100
610,BBB_3,67,0,100
610,BBB_4,140,0,72.2
610,BBB_5,105,1,71.9
611,CCC_1,140,0,92.0
611,CCC_2,129,0,78.9
611,CCC_3,11,1,72.8
612,AAA_1,197,0,48.1
612,AAA_2,189,1,60.4
612,AAA_3,152,0,83.8
612,AAA_4,38,0,47.1
612,AAA_5,26,1,73.6
613,BBB_1,109,0,82.3
613,BBB_2,,0,
613,BBB_3,30,0,81.0
613,BBB_4,83,0,65.4
613,BBB_5,113,1,64.4
614,AAA_1,75,0,84.8
614,AAA_2,129,1,72.6
614,AAA_3,124,0,76.4
614,AAA_4,41,0,65.0
615,AAA_1,,1,
615,AAA_2,102,0,63.3
616,AAA_1,8,0,69.0
616,AAA_2,20,1,44.1
616,AAA_3,,0,
616,AAA_4,46,1,61.0
616,AAA_5,191,1,67.3
616,AAA_6,43,1,59.6
617,BBB_1,15,1,76.5
617,BBB_2,159,1,65.0
617,BBB_3,56,1,79.3
617,BBB_4,42,1,95.1
617,BBB_5,185,0,91.0
617,BBB_6,150,0,65.7
618,BBB_1,3,1,75.7
618,BBB_2,63,1,63.9
618,BBB_3,36,0,73.2
618,BBB_4,157,1,77.2
619,AAA_1,164,0,81.9
619,AAA_2,102,0,76.8
619,AAA_3,185,1,60.3
619,AAA_4,74,1,60.9
619,AAA_5,,1,
619,AAA_6,163,0,94.2
620,DDD_1,34,0,62.9
620,DDD_2,89,1,62.0
620,DDD_3,35,0,72.0
621,DDD_1,140,1,75.3
621,DDD_2,29,1,61.3
621,DDD_3,76,0,77.1
622,AAA_1,,1,
622,AAA_2,162,0,100
622,AAA_3,,0,
622,AAA_4,126,0,83.3
623,DDD_1,195,1,58.4
623,DDD_2,128,1,55.5
623,DDD_3,164,1,57.6
624,AAA_1,156,0,89.4
624,AAA_2,127,1,74.6
624,AAA_3,185,1,88.7
624,AAA_4,105,1,100
625,BBB_1,45,1,80.8
625,BBB_2,188,0,93.2
625,BBB_3,154,1,100
625,BBB_4,19,1,72.7
625,BBB_5,51,0,97.7
625,BBB_6,67,0,100
626,DDD_1,137,0,78.8
626,DDD_2,92,1,85.7
626,DDD_3,115,0,81.0
626,DDD_4,75,0,100
627,DDD_1,12,0,73.8
627,DDD_2,8,0,95.7
628,AAA_1,126,0,37.7
628,AAA_2,114,0,71.1
628,AAA_3,160,1,52.5
628,AAA_4,170,1,44.5
628,AAA_5,28,1,39.8
629,CCC_1,198,0,76.0
629,CCC_2,167,1,94.1
630,DDD_1,14,1,76.3
630,DDD_2,49,1,67.6
630,DDD_3,93,1,51.5
630,DDD_4,,0,
630,DDD_5,60,1,62.6
631,BBB_1,149,1,78.0
631,BBB_2,108,1,82.7
631,BBB_3,39,0,87.3
631,BBB_4,134,0,58.4
632,BBB_1,183,1,74.6
632,BBB_2,8,1,86.4
632,BBB_3,140,1,88.8
632,BBB_4,124,1,95.9
632,BBB_5,,1,
632,BBB_6,153,0,91.0
633,CCC_1,,0,
633,CCC_2,145,0,93.5
634,CCC_1,129,0,98.4
634,CCC_2,23,1,76.2
634,CCC_3,,0,
635,AAA_1,135,0,81.4
635,AAA_2,145,1,77.2
636,CCC_1,119,0,82.7
636,CCC_2,72,1,77.3
636,CCC_3,129,1,59.1
636,CCC_4,2,1,43.6
636,CCC_5,45,0,44.1
636,CCC_6,,1,
637,BBB_1,70,0,67.0
637,BBB_2,105,0,75.4
637,BBB_3,,1,
637,BBB_4,41,1,74.9
637,BBB_5,,1,
637,BBB_6,145,0,79.7
638,AAA_1,49,0,90.4
638,AAA_2,107,0,71.7
638,AAA_3,137,0,71.1
639,BBB_1,192,0,37.6
639,BBB_2,188,0,64.3
639,BBB_3,173,1,46.5
639,BBB_4,21,0,64.9
640,CCC_1,135,0,85.8
640,CCC_2,145,1,70.4
641,DDD_1,116,1,55.6
641,DDD_2,148,0,43.6
641,DDD_3,102,0,67.8
642,BBB_1,183,1,92.1
642,BBB_2,137,1,60.8
642,BBB_3,,0,
643,CCC_1,136,1,100
643,CCC_2,157,0,78.8
643,CCC_3,58,0,86.8
643,CCC_4,4,1,76.8
643,CCC_5,189,0,74.2
643,CCC_6,99,1,100
644,AAA_1,147,0,49.5
644,AAA_2,71,0,42.4
644,AAA_3,163,1,50.1
644,AAA_4,54,0,44.8
644,AAA_5,107,1,66.4
644,AAA_6,87,1,51.5
645,BBB_1,,0,
645,BBB_2,145,1,96.5
646,CCC_1,120,0,95.6
646,CCC_2,77,0,69.8
646,CCC_3,117,1,84.6
647,DDD_1,46,1,66.8
647,DDD_2,166,1,71.8
648,CCC_1,,1,
648,CCC_2,107,1,79.9
648,CCC_3,146,1,81.7
648,CCC_4,,1,
648,CCC_5,81,0,54.2
649,BBB_1,181,1,65.2
649,BBB_2,,1,
649,BBB_3,27,1,78.4
650,BBB_1,186,1,39.0
650,BBB_2,107,1,57.4
650,BBB_3,109,1,33.5
650,BBB_4,156,0,32.0
650,BBB_5,12,0,62.2
651,DDD_1,30,0,37.0
651,DDD_2,141,0,36.2
651,DDD_3,190,0,69.4
651,DDD_4,14,1,42.4
652,AAA_1,115,1,88.0
652,AAA_2,81,1,73.0
652,AAA_3,97,1,88.5
652,AAA_4,50,1,64.7
653,BBB_1,91,0,59.3
653,BBB_2,175,1,55.5
653,BBB_3,89,1,53.7
653,BBB_4,131,1,53.5
653,BBB_5,96,1,78.9
653,BBB_6,52,1,66.7
654,DDD_1,146,0,53.1
654,DDD_2,80,1,75.6
654,DDD_3,71,0,49.6
654,DDD_4,95,1,88.0
654,DDD_5,59,1,70.5
654,DDD_6,71,0,49.9
655,DDD_1,199,0,76.6
655,DDD_2,60,0,77.3
656,CCC_1,173,0,60.3
656,CCC_2,110,1,88.9
656,CCC_3,,0,
656,CCC_4,178,0,93.8
656,CCC_5,147,0,70.3
656,CCC_6,80,0,94.9
657,AAA_1,179,1,90.5
657,AAA_2,,0,
658,BBB_1,,0,
658,BBB_2,21,1,80.9
658,BBB_3,161,0,70.7
658,BBB_4,9,1,71.7
658,BBB_5,,0,
659,AAA_1,,1,
659,AAA_2,94,1,79.5
659,AAA_3,,1,
659,AAA_4,49,0,46.5
659,AAA_5,96,1,43.7
660,AAA_1,84,1,92.5
660,AAA_2,163,0,74.8
660,AAA_3,105,0,87.3
661,DDD_1,,1,
661,DDD_2,88,1,69.0
661,DDD_3,132,0,39.1
661,DDD_4,27,1,51.6
662,BBB_1,126,1,71.4
662,BBB_2,100,1,53.3
662,BBB_3,5,0,73.4
663,AAA_1,10,1,58.5
663,AAA_2,128,1,63.7
664,CCC_1,164,1,50.3
664,CCC_2,151,0,75.8
664,CCC_3,103,0,74.3
664,CCC_4,,0,
664,CCC_5,184,1,55.4
665,AAA_1,,1,
665,AAA_2,22,0,60.9
665,AAA_3,182,0,57.6
665,AAA_4,127,0,68.5
665,AAA_5,137,0,81.9
666,AAA_1,63,0,86.0
666,AAA_2,40,0,66.5
666,AAA_3,196,1,64.5
666,AAA_4,116,1,78.1
666,AAA_5,40,0,75.1
667,AAA_1,28,1,51.6
667,AAA_2,119,0,54.1
668,AAA_1,124,1,72.7
668,AAA_2,72,1,100
669,DDD_1,175,1,65.9
669,DDD_2,45,1,83.5
669,DDD_3,187,0,65.9
669,DDD_4,48,0,89.8
669,DDD_5,46,1,63.3
669,DDD_6,41,1,57.9
670,CCC_1,142,0,61.2
670,CCC_2,127,0,36.3
670,CCC_3,77,1,37.0
670,CCC_4,90,0,65.5
670,CCC_5,,0,
670,CCC_6,158,1,38.3
671,CCC_1,157,0,78.4
671,CCC_2,,1,
671,CCC_3,61,0,61.8
671,CCC_4,158,1,70.0
671,CCC_5,21,1,78.9
671,CCC_6,148,0,60.3
672,CCC_1,58,0,90.7
672,CCC_2,34,0,58.9
672,CCC_3,14,1,83.3
672,CCC_4,173,1,61.9
673,BBB_1,91,0,70.4
673,BBB_2,113,0,87.0
673,BBB_3,28,0,83.9
674,AAA_1,168,1,70.8
674,AAA_2,139,0,44.5
674,AAA_3,130,0,71.5
674,AAA_4,14,0,67.1
674,AAA_5,197,1,71.5
675,AAA_1,,1,
675,AAA_2,65,1,72.5
675,AAA_3,121,1,90.5
675,AAA_4,146,0,80.5
675,AAA_5,187,0,62.5
676,CCC_1,,1,
676,CCC_2,197,0,42.2
676,CCC_3,173,0,61.5
676,CCC_4,194,0,78.1
677,CCC_1,102,0,70.2
677,CCC_2,189,1,58.7
677,CCC_3,126,0,54.0
677,CCC_4,34,1,88.9
678,AAA_1,149,1,46.2
678,AAA_2,,0,
678,AAA_3,132,0,63.0
678,AAA_4,140,0,73.3
678,AAA_5,165,0,54.9
679,AAA_1,55,1,48.2
679,AAA_2,190,1,82.5
679,AAA_3,122,1,56.6
679,AAA_4,154,0,69.5
680,DDD_1,,1,
680,DDD_2,171,1,81.3
680,DDD_3,126,0,64.3
680,DDD_4,182,0,64.2
681,AAA_1,91,1,66.9
681,AAA_2,173,0,84.0
681,AAA_3,153,1,87.1
682,BBB_1,137,0,76.3
682,BBB_2,76,1,77.4
682,BBB_3,174,0,64.3
682,BBB_4,50,1,58.9
682,BBB_5,30,0,77.1
682,BBB_6,194,1,62.7
683,AAA_1,79,0,100
683,AAA_2,,1,
684,AAA_1,188,1,63.4
684,AAA_2,55,1,85.0
684,AAA_3,31,1,74.9
685,BBB_1,28,1,85.6
685,BBB_2,52,1,98.0
685,BBB_3,190,0,96.4
686,DDD_1,,0,
686,DDD_2,192,1,96.9
686,DDD_3,94,0,72.4
687,BBB_1,,0,
687,BBB_2,29,1,85.5
687,BBB_3,94,1,57.7
687,BBB_4,177,1,79.5
687,BBB_5,31,1,77.2
687,BBB_6,181,0,84.4
688,DDD_1,,0,
688,DDD_2,126,0,34.9
688,DDD_3,62,1,37.8
688,DDD_4,144,1,64.9
688,DDD_5,178,1,40.0
688,DDD_6,122,1,35.2
689,DDD_1,92,1,69.3
689,DDD_2,181,0,41.5
689,DDD_3,85,1,49.2
690,BBB_1,49,1,62.8
690,BBB_2,156,0,57.3
691,DDD_1,75,1,97.2
691,DDD_2,166,0,88.1
691,DDD_3,143,1,92.2
691,DDD_4,49,1,79.6
692,AAA_1,25,0,78.7
692,AAA_2,199,1,84.5
692,AAA_3,28,1,94.6
692,AAA_4,,0,
693,DDD_1,35,1,64.4
693,DDD_2,76,0,53.6
693,DDD_3,22,1,49.2
693,DDD_4,137,0,62.4
693,DDD_5,83,1,62.5
693,DDD_6,68,1,39.0
694,CCC_1,109,1,85.2
694,CCC_2,146,0,83.0
694,CCC_3,44,1,77.2
694,CCC_4,33,1,71.8
695,BBB_1,53,0,39.9
695,BBB_2,134,1,72.0
696,AAA_1,32,0,69.1
696,AAA_2,169,0,77.4
697,AAA_1,,0,
697,AAA_2,,1,
697,AAA_3,,0,
697,AAA_4,,1,
698,DDD_1,,0,
698,DDD_2,111,1,88.2
699,DDD_1,196,1,64.8
699,DDD_2,,0,
699,DDD_3,88,0,59.0
699,DDD_4,67,0,51.8
700,AAA_1,54,0,66.7
700,AAA_2,174,1,78.3
700,AAA_3,141,1,73.4
700,AAA_4,84,0,79.5
701,AAA_1,,1,
701,AAA_2,112,1,72.1
701,AAA_3,117,0,71.8
702,BBB_1,108,1,84.0
702,BBB_2,175,0,100
702,BBB_3,29,0,88.3
702,BBB_4,152,0,80.2
702,BBB_5,111,1,100
702,BBB_6,29,0,95.8
703,AAA_1,52,1,73.6
703,AAA_2,93,1,57.4
703,AAA_3,190,1,60.4
703,AAA_4,,0,
703,AAA_5,200,1,75.6
704,AAA_1,117,0,53.0
704,AAA_2,,0,
705,DDD_1,,0,
705,DDD_2,48,0,94.1
705,DDD_3,176,0,81.7
705,DDD_4,99,1,82.9
705,DDD_5,47,1,83.1
706,CCC_1,190,1,49.6
706,CCC_2,94,1,59.3
706,CCC_3,195,0,54.6
707,AAA_1,57,0,88.1
707,AAA_2,94,1,83.9
707,AAA_3,82,0,84.6
708,CCC_1,45,1,37.4
708,CCC_2,172,0,63.9
709,AAA_1,162,0,69.5
709,AAA_2,27,0,84.4
709,AAA_3,43,1,87.0
710,AAA_1,68,1,76.4
710,AAA_2,,1,
710,AAA_3,52,0,84.5
710,AAA_4,115,1,88.0
711,DDD_1,130,0,84.1
711,DDD_2,125,0,91.3
712,BBB_1,153,1,78.8
712,BBB_2,,1,
712,BBB_3,58,0,87.1
712,BBB_4,188,0,67.2
713,CCC_1,10,0,98.3
713,CCC_2,196,0,79.9
713,CCC_3,85,1,100
713,CCC_4,121,1,93.8
713,CCC_5,117,1,82.5
713,CCC_6,18,1,77.8
714,AAA_1,7,0,59.2
714,AAA_2,124,0,63.4
714,AAA_3,37,0,50.6
714,AAA_4,150,1,66.5
715,DDD_1,,0,
715,DDD_2,94,0,52.3
715,DDD_3,191,1,48.5
715,DDD_4,49,1,65.5
716,AAA_1,95,1,53.8
716,AAA_2,33,0,33.4
716,AAA_3,63,0,66.7
716,AAA_4,56,1,54.0
716,AAA_5,163,0,44.3
717,AAA_1,158,0,59.3
717,AAA_2,186,1,53.0
717,AAA_3,177,0,51.7
717,AAA_4,176,0,50.1
717,AAA_5,9,0,43.8
717,AAA_6,29,0,80.4
718,BBB_1,130,0,58.3
718,BBB_2,105,1,60.3
718,BBB_3,77,1,64.7
718,BBB_4,126,1,49.2
718,BBB_5,57,0,48.9
719,CCC_1,48,1,69.0
719,CCC_2,155,1,73.3
719,CCC_3,75,0,78.3
719,CCC_4,136,1,80.5
719,CCC_5,159,0,64.3
719,CCC_6,151,1,77.5
720,BBB_1,131,1,57.4
720,BBB_2,,0,
720,BBB_3,23,1,52.5
720,BBB_4,22,1,53.6
720,BBB_5,30,0,41.1
721,BBB_1,126,0,72.9
721,BBB_2,200,1,98.1
721,BBB_3,179,1,84.6
721,BBB_4,56,0,69.9
721,BBB_5,76,0,98.2
722,BBB_1,133,0,91.3
722,BBB_2,137,1,79.4
723,BBB_1,103,1,70.8
723,BBB_2,,0,
724,BBB_1,60,1,77.9
724,BBB_2,123,0,72.2
724,BBB_3,57,0,67.4
724,BBB_4,,0,
725,BBB_1,42,1,59.5
725,BBB_2,144,1,36.7
725,BBB_3,,1,
725,BBB_4,86,1,46.5
725,BBB_5,180,0,54.2
725,BBB_6,80,0,43.0
726,AAA_1,119,1,67.2
726,AAA_2,169,1,73.6
726,AAA_3,23,0,68.2
726,AAA_4,141,1,51.2
726,AAA_5,62,0,85.6
727,DDD_1,71,0,55.9
727,DDD_2,38,1,64.8
727,DDD_3,,1,
727,DDD_4,157,0,71.3
727,DDD_5,102,1,60.4
727,DDD_6,129,0,65.6
728,BBB_1,164,0,67.2
728,BBB_2,184,0,68.4
728,BBB_3,40,1,77.6
728,BBB_4,156,0,52.9
728,BBB_5,,0,
728,BBB_6,170,0,43.3
729,DDD_1,153,0,79.7
729,DDD_2,190,0,100
730,BBB_1,148,0,84.9
730,BBB_2,,1,
731,BBB_1,166,0,77.7
731,BBB_2,92,0,52.7
732,AAA_1,138,1,39.2
732,AAA_2,80,0,75.3
732,AAA_3,61,1,48.0
732,AAA_4,173,1,72.8
733,DDD_1,164,0,68.7
733,DDD_2,37,0,63.9
733,DDD_3,156,1,56.2
733,DDD_4,48,1,76.6
734,AAA_1,176,1,70.0
734,AAA_2,23,1,89.4
734,AAA_3,48,0,73.4
734,AAA_4,,0,
734,AAA_5,194,0,52.1
735,CCC_1,86,0,68.9
735,CCC_2,,1,
735,CCC_3,140,1,66.9
736,CCC_1,174,1,42.2
736,CCC_2,93,1,73.6
736,CCC_3,16,0,76.0
737,DDD_1,136,0,46.6
737,DDD_2,79,1,74.7
738,DDD_1,109,1,60.7
738,DDD_2,17,0,69.5
739,CCC_1,121,0,97.4
739,CCC_2,147,0,100
739,CCC_3,148,1,100
739,CCC_4,129,0,93.8
739,CCC_5,160,0,93.5
739,CCC_6,10,1,87.9
740,DDD_1,27,1,83.6
740,DDD_2,14,1,92.9
741,CCC_1,,1,
741,CCC_2,184,1,57.5
741,CCC_3,191,1,93.4
741,CCC_4,161,1,60.1
742,AAA_1,40,0,93.1
742,AAA_2,,1,
743,DDD_1,,1,
743,DDD_2,157,1,74.7
743,DDD_3,180,0,70.6
743,DDD_4,73,0,95.7
743,DDD_5,78,1,69.0
744,CCC_1,96,1,49.4
744,CCC_2,25,0,78.3
744,CCC_3,74,1,87.3
744,CCC_4,136,0,79.8
744,CCC_5,78,1,74.0
745,CCC_1,113,1,56.9
745,CCC_2,80,0,61.3
745,CCC_3,104,1,74.8
745,CCC_4,81,1,80.0
746,BBB_1,116,0,93.9
746,BBB_2,99,1,72.1
746,BBB_3,,1,
747,AAA_1,184,0,71.4
747,AAA_2,148,0,68.8
747,AAA_3,110,1,97.4
747,AAA_4,,0,
748,DDD_1,104,0,65.7
748,DDD_2,,0,
748,DDD_3,130,0,47.4
748,DDD_4,103,1,53.5
749,AAA_1,141,1,70.2
749,AAA_2,89,1,77.0
750,BBB_1,192,0,90.3
750,BBB_2,184,1,61.5
750,BBB_3,,1,
750,BBB_4,174,1,92.2
750,BBB_5,170,1,66.1
750,BBB_6,67,1,62.7
751,CCC_1,190,1,78.8
751,CCC_2,142,1,74.2
751,CCC_3,109,1,87.3
751,CCC_4,118,1,74.3
751,CCC_5,161,0,78.6
752,CCC_1,175,1,91.4
752,CCC_2,,1,
752,CCC_3,101,0,74.2
752,CCC_4,124,1,81.1
752,CCC_5,159,1,95.3
753,AAA_1,17,0,41.9
753,AAA_2,101,0,69.9
754,DDD_1,17,0,44.2
754,DDD_2,,0,
754,DDD_3,132,1,35.7
754,DDD_4,143,1,43.6
754,DDD_5,,0,
755,CCC_1,169,0,70.0
755,CCC_2,194,1,77.2
755,CCC_3,111,1,79.3
755,CCC_4,163,1,78.8
755,CCC_5,66,0,72.1
755,CCC_6,65,0,70.8
756,DDD_1,,1,
756,DDD_2,105,0,45.4
757,CCC_1,110,1,43.4
757,CCC_2,56,1,79.1
757,CCC_3,134,1,56.3
758,CCC_1,,0,
758,CCC_2,13,0,56.2
758,CCC_3,188,1,65.6
758,CCC_4,191,1,56.5
759,CCC_1,65,0,70.9
759,CCC_2,177,1,73.8
760,CCC_1,9,0,64.4
760,CCC_2,112,0,64.2
760,CCC_3,182,0,86.5
760,CCC_4,157,0,59.6
761,AAA_1,60,1,64.2
761,AAA_2,62,1,60.6
762,CCC_1,96,0,49.9
762,CCC_2,96,1,37.7
762,CCC_3,173,0,56.3
762,CCC_4,190,1,33.9
762,CCC_5,173,1,40.2
762,CCC_6,150,1,48.4
763,AAA_1,177,1,86.0
763,AAA_2,44,1,62.9
763,AAA_3,56,0,66.9
763,AAA_4,76,1,75.5
764,CCC_1,99,1,75.8
764,CCC_2,138,1,81.4
765,DDD_1,29,1,54.2
765,DDD_2,134,1,66.1
765,DDD_3,169,0,53.7
765,DDD_4,139,0,84.9
765,DDD_5,195,0,62.8
766,CCC_1,72,1,64.7
766,CCC_2,64,0,35.4
766,CCC_3,63,0,41.4
766,CCC_4,197,0,38.6
766,CCC_5,,1,
767,CCC_1,57,1,39.0
767,CCC_2,171,0,52.4
767,CCC_3,146,1,38.0
768,AAA_1,45,1,48.1
768,AAA_2,145,1,43.6
768,AAA_3,185,0,57.7
769,BBB_1,5,0,74.6
769,BBB_2,89,0,39.6
769,BBB_3,182,0,73.3
769,BBB_4,64,1,47.5
769,BBB_5,134,0,50.0
770,DDD_1,19,0,49.0
770,DDD_2,171,0,69.9
771,DDD_1,185,0,42.8
771,DDD_2,9,1,42.5
771,DDD_3,,0,
772,DDD_1,179,0,74.8
772,DDD_2,49,1,42.3
772,DDD_3,184,0,53.1
772,DDD_4,114,1,46.8
773,BBB_1,76,0,98.5
773,BBB_2,13,1,83.0
773,BBB_3,116,0,76.2
773,BBB_4,181,0,76.0
773,BBB_5,37,0,84.1
774,AAA_1,,0,
774,AAA_2,64,0,86.4
775,CCC_1,133,0,92.9
775,CCC_2,169,1,71.5
775,CCC_3,195,0,68.1
775,CCC_4,105,1,88.8
775,CCC_5,156,1,79.7
775,CCC_6,193,0,60.2
776,BBB_1,129,1,87.9
776,BBB_2,191,0,78.3
776,BBB_3,159,0,98.6
776,BBB_4,38,0,81.8
776,BBB_5,163,0,98.8
777,CCC_1,186,1,100
777,CCC_2,200,1,81.1
777,CCC_3,,0,
777,CCC_4,24,0,82.1
778,CCC_1,83,0,37.6
778,CCC_2,,0,
778,CCC_3,,1,
778,CCC_4,8,0,42.6
778,CCC_5,145,1,66.8
779,CCC_1,26,1,70.2
779,CCC_2,198,0,66.5
779,CCC_3,62,0,90.3
779,CCC_4,160,0,72.2
779,CCC_5,156,1,91.1
779,CCC_6,172,0,75.3
780,CCC_1,78,0,65.8
780,CCC_2,24,1,97.2
781,BBB_1,89,1,51.2
781,BBB_2,93,1,41.6
781,BBB_3,16,1,72.1
781,BBB_4,57,1,56.4
781,BBB_5,73,1,34.6
781,BBB_6,199,1,60.4
782,BBB_1,188,1,67.5
782,BBB_2,90,0,72.9
783,DDD_1,46,0,63.6
783,DDD_2,,1,
784,AAA_1,146,0,60.2
784,AAA_2,96,0,64.8
784,AAA_3,63,0,75.5
784,AAA_4,11,1,46.8
785,BBB_1,89,1,61.0
785,BBB_2,73,1,53.0
785,BBB_3,85,0,76.1
785,BBB_4,27,0,59.5
785,BBB_5,151,1,83.4
786,AAA_1,152,1,90.8
786,AAA_2,155,1,78.3
786,AAA_3,30,1,87.0
787,AAA_1,29,0,68.0
787,AAA_2,85,1,47.6
787,AAA_3,90,0,64.9
788,CCC_1,145,0,62.6
788,CCC_2,126,0,74.8
788,CCC_3,10,1,84.9
788,CCC_4,191,0,68.9
789,CCC_1,175,0,76.2
789,CCC_2,113,1,71.9
789,CCC_3,,1,
789,CCC_4,19,0,100
789,CCC_5,51,0,81.6
790,BBB_1,80,1,81.9
790,BBB_2,167,0,72.6
790,BBB_3,58,1,63.0
790,BBB_4,,0,
790,BBB_5,,0,
790,BBB_6,,0,
791,DDD_1,119,0,48.0
791,DDD_2,167,0,71.9
791,DDD_3,153,1,52.1
791,DDD_4,82,0,70.5
791,DDD_5,193,0,56.0
792,BBB_1,107,0,37.3
792,BBB_2,46,1,69.0
793,DDD_1,161,1,93.7
793,DDD_2,79,1,100
794,CCC_1,157,0,40.5
794,CCC_2,173,0,46.3
794,CCC_3,69,1,52.7
795,CCC_1,100,0,91.0
795,CCC_2,,1,
795,CCC_3,137,0,68.8
795,CCC_4,15,0,75.1
795,CCC_5,87,0,84.4
796,AAA_1,9,0,92.7
796,AAA_2,114,1,72.2
796,AAA_3,22,1,92.6
796,AAA_4,,0,
797,CCC_1,190,1,46.7
797,CCC_2,175,1,57.9
797,CCC_3,147,1,77.3
798,AAA_1,108,0,60.9
798,AAA_2,167,1,55.4
799,DDD_1,73,0,84.0
799,DDD_2,58,1,80.0
799,DDD_3,157,1,86.7
799,DDD_4,21,0,100
799,DDD_5,153,0,84.7
799,DDD_6,157,0,84.1
800,BBB_1,142,0,69.6
800,BBB_2,60,0,97.4
800,BBB_3,75,0,71.3
800,BBB_4,183,0,80.5
800,BBB_5,128,1,99.7
801,DDD_1,139,0,66.4
801,DDD_2,103,1,60.3
801,DDD_3,97,1,59.7
801,DDD_4,196,0,54.4
801,DDD_5,134,0,56.8
801,DDD_6,100,1,65.8
802,DDD_1,69,0,87.7
802,DDD_2,75,0,93.2
803,BBB_1,,0,
803,BBB_2,169,0,69.8
803,BBB_3,179,1,97.5
803,BBB_4,165,0,65.2
803,BBB_5,152,0,88.0
804,BBB_1,121,1,85.1
804,BBB_2,13,1,83.1
804,BBB_3,57,0,88.1
804,BBB_4,56,1,89.2
804,BBB_5,53,1,99.5
805,AAA_1,31,1,82.9
805,AAA_2,193,0,80.0
805,AAA_3,110,1,81.6
806,BBB_1,199,0,36.6
806,BBB_2,,1,
806,BBB_3,145,1,41.2
806,BBB_4,,1,
806,BBB_5,148,0,68.5
806,BBB_6,,1,
807,AAA_1,129,1,55.3
807,AAA_2,129,1,51.8
807,AAA_3,75,0,46.4
807,AAA_4,154,1,71.4
808,DDD_1,5,0,60.9
808,DDD_2,171,0,90.1
808,DDD_3,109,1,75.0
808,DDD_4,92,0,90.5
809,AAA_1,1,0,63.6
809,AAA_2,65,0,81.2
809,AAA_3,158,0,70.4
809,AAA_4,89,1,66.4
810,AAA_1,130,0,63.7
810,AAA_2,41,1,64.0
810,AAA_3,62,1,85.6
810,AAA_4,95,0,63.0
810,AAA_5,82,0,94.1
810,AAA_6,29,1,98.0
811,BBB_1,48,0,75.5
811,BBB_2,38,0,82.8
811,BBB_3,144,0,63.6
811,BBB_4,82,1,58.0
812,DDD_1,62,0,49.4
812,DDD_2,128,1,44.9
813,DDD_1,11,0,78.9
813,DDD_2,129,1,75.0
813,DDD_3,199,0,92.7
813,DDD_4,178,0,77.7
814,AAA_1,53,0,53.2
814,AAA_2,171,0,56.5
814,AAA_3,,1,
815,BBB_1,144,1,75.2
815,BBB_2,39,0,84.7
815,BBB_3,,1,
816,DDD_1,3,1,39.0
816,DDD_2,187,0,66.9
816,DDD_3,37,0,52.9
816,DDD_4,,0,
816,DDD_5,,1,
817,AAA_1,138,0,66.9
817,AAA_2,37,0,72.0
817,AAA_3,51,0,68.2
817,AAA_4,88,0,66.2
817,AAA_5,139,1,59.2
818,BBB_1,116,1,45.9
818,BBB_2,99,1,64.1
819,AAA_1,87,0,98.6
819,AAA_2,103,1,98.4
820,DDD_1,,0,
820,DDD_2,124,1,93.8
821,CCC_1,91,1,60.9
821,CCC_2,99,1,75.8
821,CCC_3,156,1,73.5
821,CCC_4,197,1,74.4
822,AAA_1,41,1,94.5
822,AAA_2,144,1,86.8
822,AAA_3,20,0,100
822,AAA_4,34,0,85.3
822,AAA_5,169,1,68.2
822,AAA_6,131,1,89.3
823,BBB_1,44,0,58.5
823,BBB_2,,0,
823,BBB_3,174,1,59.4
823,BBB_4,136,1,83.6
823,BBB_5,113,0,75.7
824,CCC_1,198,0,81.1
824,CCC_2,34,0,64.5
824,CCC_3,131,0,86.1
824,CCC_4,35,1,70.0
824,CCC_5,13,1,76.6
825,CCC_1,194,1,52.5
825,CCC_2,,0,
825,CCC_3,156,0,66.9
826,CCC_1,190,0,100
826,CCC_2,78,1,100
827,CCC_1,184,1,44.8
827,CCC_2,93,1,59.6
827,CCC_3,200,1,48.9
828,AAA_1,23,1,69.3
828,AAA_2,28,1,86.0
828,AAA_3,132,0,92.0
828,AAA_4,173,1,61.7
828,AAA_5,63,0,73.2
829,CCC_1,,0,
829,CCC_2,175,0,66.1
829,CCC_3,153,1,81.3
829,CCC_4,92,0,82.9
830,BBB_1,28,1,42.2
830,BBB_2,173,0,44.0
830,BBB_3,183,0,63.5
830,BBB_4,39,0,50.9
831,BBB_1,108,1,88.9
831,BBB_2,,0,
831,BBB_3,16,1,84.0
831,BBB_4,125,0,94.2
832,CCC_1,165,0,41.5
832,CCC_2,33,1,53.6
832,CCC_3,174,0,37.5
832,CCC_4,173,1,45.9
832,CCC_5,116,1,66.4
833,DDD_1,32,0,71.8
833,DDD_2,198,0,61.7
833,DDD_3,1,0,67.0
833,DDD_4,185,1,91.0
833,DDD_5,7,0,77.7
834,AAA_1,72,0,84.6
834,AAA_2,121,1,84.3
834,AAA_3,106,0,91.5
835,DDD_1,142,1,60.9
835,DDD_2,123,1,55.2
835,DDD_3,31,1,77.2
835,DDD_4,14,0,67.9
835,DDD_5,152,0,88.4
835,DDD_6,164,1,59.0
836,DDD_1,29,0,40.2
836,DDD_2,46,0,46.9
836,DDD_3,111,1,55.1
836,DDD_4,51,0,63.0
836,DDD_5,186,0,64.9
836,DDD_6,,0,
837,CCC_1,,1,
837,CCC_2,160,1,87.4
837,CCC_3,166,1,97.8
837,CCC_4,150,0,71.5
837,CCC_5,67,0,100
838,BBB_1,120,0,48.5
838,BBB_2,79,1,40.2
838,BBB_3,194,1,38.4
839,BBB_1,40,1,68.7
839,BBB_2,153,0,71.1
839,BBB_3,177,1,50.3
839,BBB_4,,0,
839,BBB_5,139,0,51.2
839,BBB_6,146,0,52.1
840,CCC_1,75,1,83.2
840,CCC_2,64,0,58.4
840,CCC_3,6,1,59.9
840,CCC_4,170,1,60.5
840,CCC_5,148,1,60.6
840,CCC_6,165,1,52.8
841,DDD_1,,0,
841,DDD_2,179,1,83.6
842,AAA_1,190,1,76.5
842,AAA_2,193,1,49.2
842,AAA_3,189,0,60.7
842,AAA_4,110,1,71.8
843,DDD_1,64,1,89.7
843,DDD_2,104,1,73.1
843,DDD_3,,1,
843,DDD_4,98,1,75.9
843,DDD_5,127,1,64.4
843,DDD_6,4,1,67.5
844,AAA_1,73,0,62.2
844,AAA_2,196,0,50.3
844,AAA_3,94,1,52.8
844,AAA_4,130,1,50.9
845,BBB_1,167,1,55.1
845,BBB_2,147,1,90.3
846,DDD_1,20,0,88.1
846,DDD_2,100,1,65.5
846,DDD_3,40,0,75.5
846,DDD_4,35,0,72.8
847,BBB_1,,0,
847,BBB_2,97,0,39.6
847,BBB_3,11,0,69.5
848,BBB_1,56,1,75.4
848,BBB_2,,0,
848,BBB_3,32,0,55.7
849,DDD_1,80,0,100
849,DDD_2,,1,
849,DDD_3,191,1,70.9
849,DDD_4,68,0,70.5
849,DDD_5,156,1,78.0
849,DDD_6,172,1,93.6
850,AAA_1,9,0,86.6
850,AAA_2,31,1,78.0
850,AAA_3,149,0,95.4
850,AAA_4,19,1,78.6
850,AAA_5,125,1,72.8
851,DDD_1,101,0,92.3
851,DDD_2,10,1,66.2
851,DDD_3,109,1,89.7
851,DDD_4,18,0,89.3
851,DDD_5,176,0,85.5
851,DDD_6,48,1,69.8
852,DDD_1,196,1,50.5
852,DDD_2,17,1,39.1
852,DDD_3,9,0,64.1
852,DDD_4,10,1,54.1
853,DDD_1,104,1,80.5
853,DDD_2,126,0,73.8
853,DDD_3,46,1,77.2
853,DDD_4,,0,
853,DDD_5,58,1,86.5
853,DDD_6,149,1,100
854,DDD_1,173,1,36.0
854,DDD_2,175,0,52.1
854,DDD_3,,1,
854,DDD_4,64,1,57.7
854,DDD_5,195,1,52.6
855,AAA_1,185,0,100
855,AAA_2,30,1,69.0
856,CCC_1,175,0,62.4
856,CCC_2,17,0,73.9
856,CCC_3,,0,
856,CCC_4,,0,
856,CCC_5,84,1,86.9
856,CCC_6,98,1,62.3
857,CCC_1,52,0,59.1
857,CCC_2,37,1,90.9
858,BBB_1,,1,
858,BBB_2,,0,
858,BBB_3,97,1,87.2
858,BBB_4,77,1,86.6
859,DDD_1,34,0,85.1
859,DDD_2,45,1,77.0
859,DDD_3,140,0,71.0
859,DDD_4,192,0,58.2
859,DDD_5,61,1,97.7
860,CCC_1,108,1,85.9
860,CCC_2,101,0,100
860,CCC_3,178,0,71.0
860,CCC_4,34,1,91.9
860,CCC_5,155,1,98.5
860,CCC_6,144,0,76.9
861,BBB_1,30,0,68.0
861,BBB_2,121,1,67.6
861,BBB_3,9,1,73.5
861,BBB_4,151,0,54.8
861,BBB_5,74,0,37.7
861,BBB_6,54,1,52.6
862,AAA_1,64,1,75.6
862,AAA_2,108,0,75.6
862,AAA_3,113,0,87.1
862,AAA_4,32,0,71.1
863,DDD_1,138,1,50.6
863,DDD_2,11,0,63.4
863,DDD_3,15,1,74.2
864,CCC_1,50,1,66.9
864,CCC_2,151,1,52.8
864,CCC_3,,0,
864,CCC_4,181,0,48.7
864,CCC_5,111,0,69.2
864,CCC_6,76,0,41.2
865,CCC_1,103,1,51.8
865,CCC_2,151,1,52.8
866,BBB_1,96,1,66.8
866,BBB_2,175,1,57.5
866,BBB_3,139,1,64.7
867,DDD_1,178,1,53.5
867,DDD_2,52,0,46.7
867,DDD_3,171,1,60.3
867,DDD_4,132,0,59.7
867,DDD_5,179,1,37.4
868,AAA_1,131,1,93.2
868,AAA_2,35,1,68.1
869,CCC_1,102,0,68.6
869,CCC_2,15,1,86.4
869,CCC_3,138,0,60.0
869,CCC_4,40,0,65.2
869,CCC_5,40,1,87.8
869,CCC_6,111,0,63.5
870,BBB_1,76,1,46.1
870,BBB_2,168,1,50.3
870,BBB_3,161,0,56.3
870,BBB_4,110,1,71.8
870,BBB_5,,0,
871,BBB_1,22,1,96.9
871,BBB_2,23,0,76.7
871,BBB_3,4,1,62.5
871,BBB_4,78,0,78.3
871,BBB_5,82,1,67.6
872,CCC_1,93,1,98.0
872,CCC_2,106,1,96.4
872,CCC_3,122,0,75.5
873,DDD_1,170,0,54.6
873,DDD_2,179,1,44.1
873,DDD_3,192,0,74.7
874,BBB_1,66,1,78.9
874,BBB_2,59,0,84.7
875,CCC_1,58,0,56.8
875,CCC_2,86,1,48.0
875,CCC_3,116,1,51.7
875,CCC_4,11,1,60.7
876,DDD_1,54,0,54.4
876,DDD_2,4,1,81.4
876,DDD_3,13,0,52.3
876,DDD_4,171,0,57.8
877,AAA_1,165,1,53.3
877,AAA_2,139,0,74.6
877,AAA_3,93,0,82.6
877,AAA_4,12,1,53.7
878,BBB_1,46,1,73.8
878,BBB_2,,0,
878,BBB_3,70,1,68.5
878,BBB_4,170,0,56.9
879,AAA_1,166,1,80.3
879,AAA_2,118,1,96.2
879,AAA_3,91,1,71.4
879,AAA_4,195,1,78.1
879,AAA_5,26,1,81.2
879,AAA_6,162,1,68.7
880,BBB_1,28,0,78.2
880,BBB_2,199,1,72.3
880,BBB_3,134,1,74.2
881,CCC_1,145,0,45.6
881,CCC_2,43,0,72.9
882,AAA_1,58,0,64.8
882,AAA_2,132,1,89.8
882,AAA_3,81,1,71.6
882,AAA_4,163,1,100
882,AAA_5,60,0,83.7
882,AAA_6,,1,
883,BBB_1,127,1,49.6
883,BBB_2,192,0,64.6
883,BBB_3,3,0,67.1
883,BBB_4,6,1,44.5
883,BBB_5,55,0,40.6
884,DDD_1,107,0,61.1
884,DDD_2,59,1,83.1
884,DDD_3,53,1,64.4
884,DDD_4,53,1,59.6
885,DDD_1,186,1,70.7
885,DDD_2,,1,
885,DDD_3,149,1,74.8
885,DDD_4,167,0,45.4
886,BBB_1,195,1,54.8
886,BBB_2,29,1,87.6
886,BBB_3,182,0,85.0
887,BBB_1,,0,
887,BBB_2,40,0,74.8
887,BBB_3,69,0,72.2
887,BBB_4,139,0,90.6
888,CCC_1,157,1,70.3
888,CCC_2,104,1,65.7
888,CCC_3,60,0,72.1
888,CCC_4,166,1,52.0
888,CCC_5,81,0,48.3
889,CCC_1,17,0,47.5
889,CCC_2,,1,
889,CCC_3,101,1,72.1
890,BBB_1,118,1,70.5
890,BBB_2,15,0,34.1
890,BBB_3,1,0,55.3
891,BBB_1,12,0,65.5
891,BBB_2,,1,
891,BBB_3,146,0,74.9
891,BBB_4,20,0,53.7
891,BBB_5,190,1,42.7
891,BBB_6,18,0,54.2
892,BBB_1,40,0,100
892,BBB_2,,1,
892,BBB_3,47,1,72.8
893,AAA_1,75,1,49.7
893,AAA_2,181,0,48.7
893,AAA_3,,1,
893,AAA_4,147,0,66.9
894,BBB_1,181,1,75.4
894,BBB_2,,0,
894,BBB_3,107,1,75.1
894,BBB_4,12,1,81.6
894,BBB_5,3,1,99.2
895,DDD_1,,0,
895,DDD_2,174,1,66.7
895,DDD_3,175,0,75.5
895,DDD_4,162,0,62.3
895,DDD_5,75,1,61.6
896,CCC_1,105,1,47.0
896,CCC_2,135,1,42.1
896,CCC_3,20,1,60.9
896,CCC_4,24,0,63.4
897,AAA_1,191,1,69.0
897,AAA_2,144,1,75.4
898,DDD_1,31,0,74.4
898,DDD_2,8,0,49.7
898,DDD_3,120,0,48.1
898,DDD_4,54,1,67.4
898,DDD_5,159,1,46.3
899,BBB_1,144,1,73.3
899,BBB_2,195,1,41.1
899,BBB_3,75,0,55.0
899,BBB_4,,0,
899,BBB_5,104,1,67.7
899,BBB_6,40,1,61.9
900,DDD_1,9,1,82.7
900,DDD_2,30,0,86.7
900,DDD_3,53,0,75.9
901,BBB_1,130,0,84.4
901,BBB_2,135,0,79.6
901,BBB_3,27,1,75.4
901,BBB_4,115,1,71.4
901,BBB_5,146,1,66.7
902,BBB_1,7,1,63.6
902,BBB_2,118,0,35.9
902,BBB_3,,1,
902,BBB_4,192,0,45.0
902,BBB_5,178,1,39.3
903,BBB_1,119,1,78.5
903,BBB_2,62,0,72.6
903,BBB_3,180,0,95.2
903,BBB_4,169,0,62.5
903,BBB_5,177,0,71.0
904,CCC_1,,1,
904,CCC_2,108,0,72.9
904,CCC_3,184,0,87.5
904,CCC_4,132,0,88.2
904,CCC_5,,1,
905,CCC_1,200,0,62.0
905,CCC_2,28,0,70.8
906,AAA_1,192,1,77.0
906,AAA_2,98,1,89.7
906,AAA_3,189,1,97.7
906,AAA_4,161,1,100
907,DDD_1,147,0,92.1
907,DDD_2,172,1,80.5
907,DDD_3,144,1,72.2
907,DDD_4,128,0,78.1
907,DDD_5,18,1,68.6
908,DDD_1,160,1,47.6
908,DDD_2,110,0,65.2
909,CCC_1,167,0,75.5
909,CCC_2,163,1,81.7
910,CCC_1,38,1,62.0
910,CCC_2,16,1,65.4
910,CCC_3,14,0,81.3
910,CCC_4,,0,
910,CCC_5,51,0,76.2
910,CCC_6,135,1,52.0
911,CCC_1,7,1,78.9
911,CCC_2,168,1,80.9
912,AAA_1,98,0,77.1
912,AAA_2,153,0,78.3
913,CCC_1,103,0,61.2
913,CCC_2,42,0,68.8
914,DDD_1,28,1,81.8
914,DDD_2,,0,
914,DDD_3,183,0,54.6
914,DDD_4,46,0,86.7
914,DDD_5,156,0,68.7
915,AAA_1,34,1,73.7
915,AAA_2,72,0,55.0
916,CCC_1,,0,
916,CCC_2,101,0,69.2
916,CCC_3,137,1,44.5
916,CCC_4,168,1,58.9
916,CCC_5,186,0,64.9
916,CCC_6,87,0,49.1
917,CCC_1,189,0,40.4
917,CCC_2,34,0,64.7
917,CCC_3,75,0,54.1
917,CCC_4,,1,
917,CCC_5,66,0,57.5
918,BBB_1,193,0,69.8
918,BBB_2,30,0,61.5
918,BBB_3,87,1,90.6
918,BBB_4,25,1,99.1
919,AAA_1,123,1,72.6
919,AAA_2,,1,
919,AAA_3,31,1,83.6
919,AAA_4,164,1,66.9
919,AAA_5,26,0,73.1
919,AAA_6,24,0,77.5
920,DDD_1,193,1,49.5
920,DDD_2,,0,
920,DDD_3,,0,
921,BBB_1,175,0,63.8
921,BBB_2,111,0,63.4
921,BBB_3,13,1,77.2
921,BBB_4,116,0,69.4
922,BBB_1,110,1,77.0
922,BBB_2,119,0,79.9
922,BBB_3,112,0,80.0
922,BBB_4,79,0,49.9
922,BBB_5,21,0,50.5
923,DDD_1,142,0,98.6
923,DDD_2,33,1,69.0
923,DDD_3,55,0,65.5
923,DDD_4,106,1,96.3
924,AAA_1,88,1,69.7
924,AAA_2,78,1,63.8
925,CCC_1,69,0,46.4
925,CCC_2,130,0,72.3
925,CCC_3,,0,
925,CCC_4,113,0,57.6
925,CCC_5,13,0,72.0
926,CCC_1,69,0,46.2
926,CCC_2,138,0,51.5
927,CCC_1,9,0,65.7
927,CCC_2,14,1,61.6
927,CCC_3,61,0,59.5
928,BBB_1,,1,
928,BBB_2,20,0,90.6
928,BBB_3,153,1,96.8
929,DDD_1,182,0,62.4
929,DDD_2,21,0,72.7
929,DDD_3,155,1,47.4
929,DDD_4,99,0,83.5
929,DDD_5,165,0,69.2
929,DDD_6,148,0,51.0
930,DDD_1,69,0,67.6
930,DDD_2,,1,
930,DDD_3,,1,
930,DDD_4,69,0,45.0
930,DDD_5,160,1,74.6
931,AAA_1,184,1,47.8
931,AAA_2,75,0,59.6
931,AAA_3,46,0,55.5
932,DDD_1,60,0,42.3
932,DDD_2,122,1,35.9
932,DDD_3,115,1,39.0
932,DDD_4,20,1,46.5
933,BBB_1,61,0,77.4
933,BBB_2,64,1,69.7
933,BBB_3,3,0,62.1
933,BBB_4,33,1,70.5
933,BBB_5,190,0,77.5
933,BBB_6,43,1,50.3
934,AAA_1,136,1,58.0
934,AAA_2,36,0,52.2
934,AAA_3,43,1,40.6
935,BBB_1,193,1,58.2
935,BBB_2,136,0,58.3
935,BBB_3,107,1,75.7
935,BBB_4,174,1,72.9
936,CCC_1,,1,
936,CCC_2,176,1,78.6
936,CCC_3,144,1,58.9
936,CCC_4,27,0,70.8
936,CCC_5,122,1,91.3
937,DDD_1,162,1,65.2
937,DDD_2,179,1,81.7
937,DDD_3,29,1,70.1
938,CCC_1,62,0,65.7
938,CCC_2,25,0,55.1
938,CCC_3,153,1,41.0
938,CCC_4,30,0,42.6
938,CCC_5,100,0,74.1
939,CCC_1,24,1,73.4
939,CCC_2,77,0,100
939,CCC_3,52,1,74.5
940,AAA_1,84,0,84.7
940,AAA_2,73,1,100
941,BBB_1,185,0,76.3
941,BBB_2,194,1,72.0
942,CCC_1,87,0,45.0
942,CCC_2,69,1,64.2
942,CCC_3,,0,
942,CCC_4,178,0,47.1
942,CCC_5,130,0,75.7
943,CCC_1,39,1,94.0
943,CCC_2,41,1,69.0
943,CCC_3,195,1,79.7
943,CCC_4,200,0,85.5
943,CCC_5,186,1,67.3
943,CCC_6,122,1,71.1
944,CCC_1,58,1,96.9
944,CCC_2,161,0,100
944,CCC_3,153,0,72.5
944,CCC_4,,1,
944,CCC_5,101,0,100
944,CCC_6,,0,
945,AAA_1,144,1,78.3
945,AAA_2,194,0,97.3
945,AAA_3,,1,
945,AAA_4,64,1,83.8
945,AAA_5,11,1,69.4
945,AAA_6,63,0,80.0
946,AAA_1,123,0,85.0
946,AAA_2,,1,
946,AAA_3,21,1,87.6
946,AAA_4,167,0,94.4
947,DDD_1,83,1,93.4
947,DDD_2,37,1,87.1
947,DDD_3,161,0,75.1
947,DDD_4,43,1,92.2
947,DDD_5,28,0,63.6
948,BBB_1,175,1,53.5
948,BBB_2,22,0,70.7
948,BBB_3,30,1,38.8
948,BBB_4,193,0,48.3
948,BBB_5,56,0,44.5
949,BBB_1,104,0,69.2
949,BBB_2,96,1,77.4
950,DDD_1,115,1,71.5
950,DDD_2,148,0,85.1
950,DDD_3,92,0,90.5
951,BBB_1,72,0,57.4
951,BBB_2,,1,
951,BBB_3,112,1,52.5
951,BBB_4,82,1,62.7
952,CCC_1,34,1,79.5
952,CCC_2,190,1,57.9
952,CCC_3,120,0,72.5
952,CCC_4,1,1,75.6
953,AAA_1,79,1,59.3
953,AAA_2,7,0,81.8
953,AAA_3,25,0,79.7
953,AAA_4,182,0,86.4
953,AAA_5,,0,
953,AAA_6,27,0,65.9
954,AAA_1,,1,
954,AAA_2,116,0,96.6
954,AAA_3,79,1,100
954,AAA_4,199,1,93.5
954,AAA_5,8,0,77.5
955,BBB_1,177,1,83.9
955,BBB_2,1,0,57.2
955,BBB_3,162,1,86.1
955,BBB_4,16,1,73.2
956,DDD_1,147,0,42.1
956,DDD_2,100,1,52.9
956,DDD_3,187,1,37.4
956,DDD_4,117,1,47.4
957,CCC_1,57,1,40.8
957,CCC_2,,0,
957,CCC_3,31,0,53.1
958,CCC_1,86,1,74.5
958,CCC_2,93,0,56.2
959,BBB_1,118,0,47.5
959,BBB_2,133,0,65.5
959,BBB_3,113,0,69.6
959,BBB_4,140,0,52.9
960,AAA_1,29,0,82.8
960,AAA_2,67,1,81.8
960,AAA_3,142,0,71.0
960,AAA_4,17,1,85.3
961,BBB_1,5,0,58.3
961,BBB_2,100,1,69.5
961,BBB_3,,0,
961,BBB_4,136,1,39.2
962,AAA_1,153,0,70.2
962,AAA_2,,1,
962,AAA_3,108,0,64.8
962,AAA_4,79,0,70.5
962,AAA_5,48,1,82.5
963,AAA_1,185,1,33.3
963,AAA_2,,0,
963,AAA_3,185,1,38.4
963,AAA_4,,1,
963,AAA_5,6,1,61.8
964,AAA_1,146,1,74.0
964,AAA_2,51,0,58.8
964,AAA_3,133,0,64.9
964,AAA_4,200,1,87.2
964,AAA_5,182,1,83.2
964,AAA_6,,1,
965,DDD_1,200,1,75.0
965,DDD_2,152,0,37.8
965,DDD_3,59,0,71.9
965,DDD_4,79,1,51.5
965,DDD_5,156,1,52.2
965,DDD_6,41,0,49.6
966,BBB_1,181,1,88.2
966,BBB_2,53,1,64.7
967,CCC_1,101,1,74.7
967,CCC_2,,1,
968,BBB_1,170,0,70.6
968,BBB_2,82,0,66.7
968,BBB_3,110,1,41.9
969,CCC_1,170,0,76.3
969,CCC_2,158,1,79.8
969,CCC_3,189,1,88.9
969,CCC_4,132,0,84.4
969,CCC_5,164,0,70.5
970,DDD_1,122,0,71.9
970,DDD_2,86,0,92.7
970,DDD_3,56,0,62.4
970,DDD_4,191,1,64.6
971,AAA_1,171,0,83.6
971,AAA_2,13,1,90.4
972,AAA_1,63,0,72.6
972,AAA_2,3,0,46.5
973,DDD_1,76,1,71.6
973,DDD_2,100,0,75.4
973,DDD_3,136,0,87.0
973,DDD_4,89,0,68.9
973,DDD_5,26,0,78.1
974,BBB_1,132,1,88.5
974,BBB_2,48,0,72.7
974,BBB_3,32,0,63.0
975,BBB_1,125,0,59.7
975,BBB_2,105,0,53.0
975,BBB_3,84,1,49.1
975,BBB_4,118,0,68.8
975,BBB_5,116,1,70.9
975,BBB_6,173,1,81.1
976,CCC_1,107,0,80.2
976,CCC_2,6,0,95.3
976,CCC_3,,0,
976,CCC_4,176,1,75.1
976,CCC_5,2,0,96.8
976,CCC_6,118,0,71.5
977,BBB_1,57,0,56.3
977,BBB_2,199,1,53.5
977,BBB_3,46,1,70.8
978,AAA_1,,1,
978,AAA_2,,0,
978,AAA_3,42,1,99.8
979,BBB_1,121,0,77.9
979,BBB_2,42,0,76.9
979,BBB_3,192,1,56.6
979,BBB_4,159,0,57.4
979,BBB_5,3,1,48.7
980,DDD_1,197,1,81.5
980,DDD_2,102,0,88.7
980,DDD_3,37,0,84.5
980,DDD_4,7,0,84.0
980,DDD_5,119,1,78.8
980,DDD_6,28,0,98.6
981,AAA_1,160,1,41.3
981,AAA_2,110,1,42.4
981,AAA_3,5,1,40.7
981,AAA_4,1,0,38.5
981,AAA_5,157,0,54.7
981,AAA_6,96,1,57.0
982,DDD_1,31,1,67.9
982,DDD_2,26,0,90.6
982,DDD_3,33,0,66.3
982,DDD_4,71,1,91.7
982,DDD_5,81,1,84.9
983,DDD_1,166,1,58.2
983,DDD_2,157,0,48.2
983,DDD_3,39,1,49.9
984,DDD_1,153,0,60.2
984,DDD_2,155,1,53.6
984,DDD_3,16,1,50.3
985,BBB_1,132,0,95.9
985,BBB_2,86,1,68.1
985,BBB_3,117,0,67.1
985,BBB_4,192,1,96.6
985,BBB_5,131,0,80.5
986,DDD_1,113,0,78.1
986,DDD_2,72,1,59.0
986,DDD_3,96,0,48.2
987,CCC_1,157,0,76.0
987,CCC_2,48,0,70.6
987,CCC_3,21,0,73.2
987,CCC_4,27,1,96.8
988,DDD_1,143,0,64.1
988,DDD_2,45,0,75.8
988,DDD_3,191,0,62.8
988,DDD_4,60,0,79.0
988,DDD_5,52,1,90.6
988,DDD_6,187,1,77.8
989,AAA_1,45,0,100
989,AAA_2,117,1,76.0
989,AAA_3,196,1,88.3
990,AAA_1,166,1,76.9
990,AAA_2,97,1,89.3
990,AAA_3,,1,
991,CCC_1,103,0,53.0
991,CCC_2,169,0,62.0
991,CCC_3,184,1,38.6
991,CCC_4,24,0,48.0
991,CCC_5,155,1,36.7
991,CCC_6,170,0,67.7
992,DDD_1,94,0,88.4
992,DDD_2,70,1,84.2
992,DDD_3,70,1,55.7
992,DDD_4,144,0,73.3
993,AAA_1,155,0,70.7
993,AAA_2,189,1,96.0
993,AAA_3,182,1,97.1
993,AAA_4,104,1,94.0
993,AAA_5,139,0,78.2
994,BBB_1,175,0,64.3
994,BBB_2,183,0,50.8
994,BBB_3,132,1,42.9
994,BBB_4,198,0,55.7
994,BBB_5,118,0,48.7
994,BBB_6,124,1,74.2
995,AAA_1,65,0,59.9
995,AAA_2,99,0,59.2
996,DDD_1,4,0,95.7
996,DDD_2,99,0,85.9
996,DDD_3,60,1,74.3
996,DDD_4,3,0,81.0
997,DDD_1,98,0,85.8
997,DDD_2,5,1,69.1
997,DDD_3,5,0,96.4
998,BBB_1,117,1,55.3
998,BBB_2,94,0,50.3
998,BBB_3,179,1,46.3
999,BBB_1,125,0,68.0
999,BBB_2,180,0,72.8
999,BBB_3,,1,
999,BBB_4,64,0,72.1
999,BBB_5,,0,
1000,CCC_1,162,1,59.5
1000,CCC_2,34,0,58.0
1000,CCC_3,174,0,84.7
