team_id,team_name,member_id,week,hours_logged,commits,meetings_attended,tasks_completed,peer_rating,contribution_pattern
1,Team_01,T01M1,1,7.2,5,2,2,4.1,high
1,Team_01,T01M1,2,9.7,5,1,3,4.0,high
1,Team_01,T01M1,3,7.0,7,0,4,3.6,high
1,Team_01,T01M1,4,8.7,9,0,4,4.3,high
1,Team_01,T01M1,5,9.3,4,0,5,4.3,high
1,Team_01,T01M1,6,7.2,5,1,2,3.5,high
1,Team_01,T01M1,7,6.5,8,2,3,4.1,high
1,Team_01,T01M1,8,9.0,9,1,3,4.4,high
1,Team_01,T01M1,9,9.4,10,1,5,4.1,high
1,Team_01,T01M1,10,6.4,7,1,2,4.1,high
1,Team_01,T01M1,11,9.6,8,1,5,4.7,high
1,Team_01,T01M1,12,6.8,5,2,3,4.1,high
1,Team_01,T01M1,13,8.8,5,2,3,4.3,high
1,Team_01,T01M1,14,7.1,6,1,4,4.1,high
1,Team_01,T01M2,1,6.4,3,0,3,3.7,medium
1,Team_01,T01M2,2,3.6,5,2,2,3.0,medium
1,Team_01,T01M2,3,5.9,5,2,2,3.3,medium
1,Team_01,T01M2,4,3.9,4,2,1,3.5,medium
1,Team_01,T01M2,5,5.0,5,1,1,4.0,medium
1,Team_01,T01M2,6,3.9,3,0,0,2.9,medium
1,Team_01,T01M2,7,3.9,4,2,0,3.2,medium
1,Team_01,T01M2,8,5.7,5,1,3,4.0,medium
1,Team_01,T01M2,9,3.3,4,2,2,3.4,medium
1,Team_01,T01M2,10,6.4,5,1,3,3.4,medium
1,Team_01,T01M2,11,3.3,4,2,1,3.6,medium
1,Team_01,T01M2,12,6.3,6,0,4,3.6,medium
1,Team_01,T01M2,13,5.9,6,0,2,3.9,medium
1,Team_01,T01M2,14,5.5,6,2,1,3.7,medium
1,Team_01,T01M3,1,3.9,5,1,0,2.8,medium
1,Team_01,T01M3,2,6.0,8,0,3,3.7,medium
1,Team_01,T01M3,3,2.7,3,0,0,3.2,medium
1,Team_01,T01M3,4,6.2,4,2,4,3.7,medium
1,Team_01,T01M3,5,3.3,3,2,2,2.9,medium
1,Team_01,T01M3,6,3.7,5,2,1,3.2,medium
1,Team_01,T01M3,7,4.5,2,0,1,3.2,medium
1,Team_01,T01M3,8,4.8,3,0,1,3.0,medium
1,Team_01,T01M3,9,5.0,3,0,2,3.1,medium
1,Team_01,T01M3,10,3.4,3,0,2,2.8,medium
1,Team_01,T01M3,11,6.2,6,1,2,4.0,medium
1,Team_01,T01M3,12,5.7,3,0,3,3.6,medium
1,Team_01,T01M3,13,4.1,4,2,1,3.5,medium
1,Team_01,T01M3,14,6.4,3,1,4,3.6,medium
1,Team_01,T01M4,1,3.8,3,1,0,3.0,medium
1,Team_01,T01M4,2,4.0,5,1,2,2.9,medium
1,Team_01,T01M4,3,5.6,5,0,1,4.0,medium
1,Team_01,T01M4,4,6.4,4,1,3,3.5,medium
1,Team_01,T01M4,5,4.6,2,1,1,3.9,medium
1,Team_01,T01M4,6,4.1,5,1,2,3.2,medium
1,Team_01,T01M4,7,6.8,10,2,4,4.1,medium
1,Team_01,T01M4,8,3.6,2,0,2,3.5,medium
1,Team_01,T01M4,9,3.2,2,0,2,3.1,medium
1,Team_01,T01M4,10,6.7,6,0,4,3.4,medium
1,Team_01,T01M4,11,3.7,4,2,0,3.2,medium
1,Team_01,T01M4,12,6.8,7,2,4,3.4,medium
1,Team_01,T01M4,13,3.3,3,2,2,3.0,medium
1,Team_01,T01M4,14,4.0,4,1,1,3.1,medium
1,Team_01,T01M5,1,2.1,3,0,0,2.9,low
1,Team_01,T01M5,2,4.3,6,0,3,3.1,low
1,Team_01,T01M5,3,1.4,1,0,0,2.6,low
1,Team_01,T01M5,4,0.9,1,2,0,2.8,low
1,Team_01,T01M5,5,4.2,4,0,3,3.7,low
1,Team_01,T01M5,6,1.5,1,0,0,2.4,low
1,Team_01,T01M5,7,0.7,0,1,0,2.7,low
1,Team_01,T01M5,8,3.2,2,2,1,3.1,low
1,Team_01,T01M5,9,1.3,1,0,0,2.9,low
1,Team_01,T01M5,10,3.6,1,1,0,3.4,low
1,Team_01,T01M5,11,1.3,1,2,1,2.7,low
1,Team_01,T01M5,12,0.3,0,2,0,2.6,low
1,Team_01,T01M5,13,3.6,3,0,1,2.9,low
1,Team_01,T01M5,14,1.5,2,0,0,2.5,low
2,Team_02,T02M1,1,9.7,13,2,5,4.1,high
2,Team_02,T02M1,2,11.1,15,0,5,4.3,high
2,Team_02,T02M1,3,10.4,8,1,6,4.9,high
2,Team_02,T02M1,4,10.7,8,2,4,4.5,high
2,Team_02,T02M1,5,7.6,7,0,3,3.9,high
2,Team_02,T02M1,6,10.7,14,0,4,4.8,high
2,Team_02,T02M1,7,9.0,7,0,4,4.2,high
2,Team_02,T02M1,8,9.5,11,2,4,4.8,high
2,Team_02,T02M1,9,7.9,11,0,4,4.5,high
2,Team_02,T02M1,10,8.5,5,1,4,4.4,high
2,Team_02,T02M1,11,8.7,9,2,3,4.1,high
2,Team_02,T02M1,12,9.7,7,2,4,3.9,high
2,Team_02,T02M1,13,11.1,11,2,6,5.0,high
2,Team_02,T02M1,14,8.2,7,2,4,4.3,high
2,Team_02,T02M2,1,6.1,6,2,3,3.5,medium
2,Team_02,T02M2,2,5.3,5,0,2,3.7,medium
2,Team_02,T02M2,3,4.0,5,0,3,3.4,medium
2,Team_02,T02M2,4,4.1,5,1,2,3.0,medium
2,Team_02,T02M2,5,5.6,6,1,2,3.6,medium
2,Team_02,T02M2,6,5.2,5,2,1,3.7,medium
2,Team_02,T02M2,7,3.6,4,2,1,2.8,medium
2,Team_02,T02M2,8,6.3,4,1,2,4.1,medium
2,Team_02,T02M2,9,3.1,1,1,2,3.5,medium
2,Team_02,T02M2,10,2.8,2,2,2,2.8,medium
2,Team_02,T02M2,11,5.3,5,0,1,3.7,medium
2,Team_02,T02M2,12,2.5,3,0,1,2.7,medium
2,Team_02,T02M2,13,5.7,6,1,1,3.7,medium
2,Team_02,T02M2,14,6.2,3,0,3,3.9,medium
2,Team_02,T02M3,1,8.2,11,2,5,4.5,medium
2,Team_02,T02M3,2,6.1,8,1,2,4.0,medium
2,Team_02,T02M3,3,6.3,4,0,4,3.5,medium
2,Team_02,T02M3,4,7.5,7,0,3,3.9,medium
2,Team_02,T02M3,5,7.2,5,1,3,4.3,medium
2,Team_02,T02M3,6,4.7,3,1,3,3.1,medium
2,Team_02,T02M3,7,5.2,4,1,3,3.5,medium
2,Team_02,T02M3,8,4.6,6,1,3,3.9,medium
2,Team_02,T02M3,9,4.5,6,2,2,3.4,medium
2,Team_02,T02M3,10,8.2,6,1,4,4.2,medium
2,Team_02,T02M3,11,7.3,9,0,3,3.7,medium
2,Team_02,T02M3,12,6.1,3,1,4,3.9,medium
2,Team_02,T02M3,13,6.0,3,1,1,4.2,medium
2,Team_02,T02M3,14,6.5,9,2,4,4.0,medium
3,Team_03,T03M1,1,8.4,4,1,4,3.9,high
3,Team_03,T03M1,2,7.9,9,1,3,4.3,high
3,Team_03,T03M1,3,9.9,7,0,4,4.0,high
3,Team_03,T03M1,4,8.7,13,1,3,4.4,high
3,Team_03,T03M1,5,9.7,11,0,3,4.1,high
3,Team_03,T03M1,6,6.6,4,0,3,4.0,high
3,Team_03,T03M1,7,8.8,6,2,4,4.5,high
3,Team_03,T03M1,8,7.2,7,2,4,3.6,high
3,Team_03,T03M1,9,9.8,14,0,5,4.0,high
3,Team_03,T03M1,10,7.8,9,1,3,4.5,high
3,Team_03,T03M1,11,7.3,8,2,2,3.6,high
3,Team_03,T03M1,12,9.6,13,2,3,4.7,high
3,Team_03,T03M1,13,8.8,4,2,4,4.4,high
3,Team_03,T03M1,14,6.8,7,0,3,4.2,high
3,Team_03,T03M2,1,3.5,4,2,0,3.1,low
3,Team_03,T03M2,2,3.9,5,1,2,3.6,low
3,Team_03,T03M2,3,3.1,3,1,2,3.2,low
3,Team_03,T03M2,4,2.2,1,0,1,3.3,low
3,Team_03,T03M2,5,1.9,1,2,1,2.8,low
3,Team_03,T03M2,6,1.0,1,0,0,2.4,low
3,Team_03,T03M2,7,4.1,3,2,3,3.7,low
3,Team_03,T03M2,8,3.1,3,0,0,2.9,low
3,Team_03,T03M2,9,2.5,2,0,2,3.0,low
3,Team_03,T03M2,10,3.8,3,0,0,3.0,low
3,Team_03,T03M2,11,2.5,1,2,2,2.9,low
3,Team_03,T03M2,12,3.1,2,2,2,3.0,low
3,Team_03,T03M2,13,3.7,2,1,0,2.9,low
3,Team_03,T03M2,14,1.7,1,2,1,2.5,low
3,Team_03,T03M3,1,6.8,10,2,4,3.7,medium
3,Team_03,T03M3,2,4.3,3,0,2,3.0,medium
3,Team_03,T03M3,3,4.0,4,1,0,3.8,medium
3,Team_03,T03M3,4,6.2,7,0,4,4.1,medium
3,Team_03,T03M3,5,5.9,8,2,2,3.6,medium
3,Team_03,T03M3,6,5.7,3,0,2,4.1,medium
3,Team_03,T03M3,7,5.8,7,1,2,3.2,medium
3,Team_03,T03M3,8,6.5,3,0,4,4.2,medium
3,Team_03,T03M3,9,4.3,3,2,2,3.5,medium
3,Team_03,T03M3,10,7.1,5,2,3,3.9,medium
3,Team_03,T03M3,11,5.7,7,1,2,3.7,medium
3,Team_03,T03M3,12,4.2,6,0,1,3.5,medium
3,Team_03,T03M3,13,5.0,2,0,1,3.6,medium
3,Team_03,T03M3,14,4.6,4,2,3,3.4,medium
4,Team_04,T04M1,1,8.3,11,0,5,3.9,high
4,Team_04,T04M1,2,8.2,10,2,5,4.4,high
4,Team_04,T04M1,3,7.9,4,0,4,3.7,high
4,Team_04,T04M1,4,8.2,5,0,3,4.4,high
4,Team_04,T04M1,5,9.5,12,1,4,4.0,high
4,Team_04,T04M1,6,9.9,11,1,5,4.5,high
4,Team_04,T04M1,7,8.9,9,1,5,4.1,high
4,Team_04,T04M1,8,8.2,4,2,5,4.2,high
4,Team_04,T04M1,9,7.2,9,1,4,3.5,high
4,Team_04,T04M1,10,10.2,9,2,5,5.0,high
4,Team_04,T04M1,11,7.9,8,2,3,4.5,high
4,Team_04,T04M1,12,9.0,8,1,5,3.9,high
4,Team_04,T04M1,13,7.8,7,1,3,4.2,high
4,Team_04,T04M1,14,8.8,11,0,4,3.8,high
4,Team_04,T04M2,1,5.6,7,0,3,4.0,medium
4,Team_04,T04M2,2,4.3,2,2,2,3.5,medium
4,Team_04,T04M2,3,4.5,4,0,1,3.2,medium
4,Team_04,T04M2,4,3.0,2,2,1,2.7,medium
4,Team_04,T04M2,5,6.4,7,0,4,3.4,medium
4,Team_04,T04M2,6,4.7,4,0,1,3.9,medium
4,Team_04,T04M2,7,6.1,5,0,4,4.1,medium
4,Team_04,T04M2,8,4.5,5,2,3,3.2,medium
4,Team_04,T04M2,9,5.8,8,0,2,3.7,medium
4,Team_04,T04M2,10,4.0,5,2,2,3.7,medium
4,Team_04,T04M2,11,5.9,4,1,2,4.1,medium
4,Team_04,T04M2,12,4.5,5,1,3,3.2,medium
4,Team_04,T04M2,13,4.8,7,1,1,3.4,medium
4,Team_04,T04M2,14,4.4,3,2,2,3.3,medium
4,Team_04,T04M3,1,5.5,5,0,2,3.2,medium
4,Team_04,T04M3,2,5.7,6,1,2,4.1,medium
4,Team_04,T04M3,3,5.9,6,0,2,4.1,medium
4,Team_04,T04M3,4,3.3,4,1,0,3.5,medium
4,Team_04,T04M3,5,4.5,4,1,1,3.6,medium
4,Team_04,T04M3,6,4.4,5,0,1,3.3,medium
4,Team_04,T04M3,7,6.6,5,2,3,4.0,medium
4,Team_04,T04M3,8,6.2,8,2,3,4.2,medium
4,Team_04,T04M3,9,5.3,7,1,3,3.1,medium
4,Team_04,T04M3,10,3.0,3,1,0,3.4,medium
4,Team_04,T04M3,11,4.5,2,2,3,3.8,medium
4,Team_04,T04M3,12,4.5,5,0,1,3.2,medium
4,Team_04,T04M3,13,3.0,2,1,0,2.8,medium
4,Team_04,T04M3,14,4.4,5,0,1,3.1,medium
5,Team_05,T05M1,1,9.4,13,0,3,4.3,high
5,Team_05,T05M1,2,9.5,7,0,4,4.8,high
5,Team_05,T05M1,3,11.2,7,1,5,5.0,high
5,Team_05,T05M1,4,9.7,14,2,4,4.4,high
5,Team_05,T05M1,5,9.7,14,1,3,4.2,high
5,Team_05,T05M1,6,10.8,11,2,5,4.2,high
5,Team_05,T05M1,7,11.8,10,0,6,5.0,high
5,Team_05,T05M1,8,11.6,17,2,6,4.8,high
5,Team_05,T05M1,9,12.1,9,0,7,5.0,high
5,Team_05,T05M1,10,9.4,6,1,5,4.6,high
5,Team_05,T05M1,11,11.5,13,0,6,4.4,high
5,Team_05,T05M1,12,11.0,5,1,4,4.8,high
5,Team_05,T05M1,13,11.4,6,1,5,5.0,high
5,Team_05,T05M1,14,9.2,5,2,4,4.4,high
5,Team_05,T05M2,1,6.3,8,1,3,4.0,medium
5,Team_05,T05M2,2,6.7,4,0,2,4.1,medium
5,Team_05,T05M2,3,6.2,7,2,3,4.2,medium
5,Team_05,T05M2,4,8.5,7,1,3,4.0,medium
5,Team_05,T05M2,5,5.8,5,2,3,3.4,medium
5,Team_05,T05M2,6,6.8,7,1,2,4.0,medium
5,Team_05,T05M2,7,7.2,8,2,3,4.4,medium
5,Team_05,T05M2,8,6.2,3,1,4,3.5,medium
5,Team_05,T05M2,9,7.0,4,0,3,4.4,medium
5,Team_05,T05M2,10,5.8,4,2,1,3.5,medium
5,Team_05,T05M2,11,6.8,9,2,4,3.8,medium
5,Team_05,T05M2,12,8.3,5,1,5,3.8,medium
5,Team_05,T05M2,13,7.3,6,1,2,4.1,medium
5,Team_05,T05M2,14,6.2,5,0,3,3.3,medium
5,Team_05,T05M3,1,8.1,6,1,4,3.8,medium
5,Team_05,T05M3,2,4.7,6,1,1,3.6,medium
5,Team_05,T05M3,3,6.7,7,0,2,4.1,medium
5,Team_05,T05M3,4,5.2,3,2,1,3.1,medium
5,Team_05,T05M3,5,7.2,5,0,2,3.8,medium
5,Team_05,T05M3,6,4.8,6,0,2,3.8,medium
5,Team_05,T05M3,7,4.8,2,1,1,3.1,medium
5,Team_05,T05M3,8,7.6,4,1,2,4.1,medium
5,Team_05,T05M3,9,4.2,3,0,3,3.3,medium
5,Team_05,T05M3,10,4.6,2,1,2,3.4,medium
5,Team_05,T05M3,11,4.6,4,2,1,3.7,medium
5,Team_05,T05M3,12,7.8,9,1,3,4.2,medium
5,Team_05,T05M3,13,4.3,6,1,2,3.5,medium
5,Team_05,T05M3,14,6.1,8,0,2,3.5,medium
5,Team_05,T05M4,1,1.7,1,2,0,2.7,low
5,Team_05,T05M4,2,1.6,1,2,1,2.8,low
5,Team_05,T05M4,3,2.4,1,2,2,3.4,low
5,Team_05,T05M4,4,1.5,1,1,0,3.2,low
5,Team_05,T05M4,5,0.9,1,1,0,2.9,low
5,Team_05,T05M4,6,0.5,0,1,0,3.1,low
5,Team_05,T05M4,7,2.0,1,0,0,2.5,low
5,Team_05,T05M4,8,0,0,0,1,2.1,low
5,Team_05,T05M4,9,3.1,3,2,0,3.0,low
5,Team_05,T05M4,10,2.7,3,1,2,2.6,low
5,Team_05,T05M4,11,0.4,0,0,1,2.6,low
5,Team_05,T05M4,12,0,0,0,0,2.8,low
5,Team_05,T05M4,13,0.7,0,2,0,3.0,low
5,Team_05,T05M4,14,2.6,3,2,2,3.2,low
5,Team_05,T05M5,1,7.1,8,0,2,3.7,medium
5,Team_05,T05M5,2,7.5,10,1,2,3.7,medium
5,Team_05,T05M5,3,5.0,5,0,1,3.7,medium
5,Team_05,T05M5,4,8.3,4,2,3,4.0,medium
5,Team_05,T05M5,5,6.3,4,1,4,3.6,medium
5,Team_05,T05M5,6,8.2,8,0,3,3.8,medium
5,Team_05,T05M5,7,6.9,8,1,3,4.0,medium
5,Team_05,T05M5,8,6.4,6,1,2,4.0,medium
5,Team_05,T05M5,9,4.9,4,1,3,3.7,medium
5,Team_05,T05M5,10,6.4,7,0,2,3.7,medium
5,Team_05,T05M5,11,6.8,3,1,2,4.1,medium
5,Team_05,T05M5,12,7.5,5,0,2,4.0,medium
5,Team_05,T05M5,13,6.2,3,2,4,3.5,medium
5,Team_05,T05M5,14,6.7,7,1,2,3.7,medium
6,Team_06,T06M1,1,9.6,5,1,5,4.3,high
6,Team_06,T06M1,2,9.4,10,1,3,4.3,high
6,Team_06,T06M1,3,11.6,7,2,5,5.0,high
6,Team_06,T06M1,4,11.4,6,0,4,4.7,high
6,Team_06,T06M1,5,9.3,5,1,5,4.2,high
6,Team_06,T06M1,6,9.1,6,2,5,3.9,high
6,Team_06,T06M1,7,9.8,13,1,4,4.7,high
6,Team_06,T06M1,8,11.0,14,0,4,4.4,high
6,Team_06,T06M1,9,8.5,9,2,3,3.9,high
6,Team_06,T06M1,10,10.8,10,2,6,4.6,high
6,Team_06,T06M1,11,11.4,12,2,6,4.6,high
6,Team_06,T06M1,12,11.6,9,1,4,4.8,high
6,Team_06,T06M1,13,10.3,13,2,4,4.4,high
6,Team_06,T06M1,14,8.0,7,0,3,4.0,high
6,Team_06,T06M2,1,8.5,5,2,5,4.1,medium
6,Team_06,T06M2,2,6.9,10,2,2,3.8,medium
6,Team_06,T06M2,3,7.8,9,1,4,4.0,medium
6,Team_06,T06M2,4,5.2,2,0,2,4.0,medium
6,Team_06,T06M2,5,4.9,5,0,1,3.7,medium
6,Team_06,T06M2,6,8.5,8,2,3,4.1,medium
6,Team_06,T06M2,7,8.3,7,1,5,4.2,medium
6,Team_06,T06M2,8,7.7,8,0,3,3.6,medium
6,Team_06,T06M2,9,7.3,5,2,4,4.4,medium
6,Team_06,T06M2,10,7.0,4,0,4,4.1,medium
6,Team_06,T06M2,11,8.2,6,2,5,4.3,medium
6,Team_06,T06M2,12,5.1,6,0,2,3.6,medium
6,Team_06,T06M2,13,7.2,5,0,4,4.1,medium
6,Team_06,T06M2,14,8.4,12,2,3,4.3,medium
6,Team_06,T06M3,1,4.9,3,0,2,3.9,medium
6,Team_06,T06M3,2,5.4,3,0,1,3.2,medium
6,Team_06,T06M3,3,6.8,4,2,4,4.2,medium
6,Team_06,T06M3,4,3.6,3,2,0,3.3,medium
6,Team_06,T06M3,5,4.1,2,2,3,3.6,medium
6,Team_06,T06M3,6,4.1,3,1,2,3.5,medium
6,Team_06,T06M3,7,4.4,4,1,3,3.7,medium
6,Team_06,T06M3,8,4.4,3,1,1,3.2,medium
6,Team_06,T06M3,9,7.2,10,1,3,4.2,medium
6,Team_06,T06M3,10,5.5,5,0,1,3.9,medium
6,Team_06,T06M3,11,4.0,3,2,2,3.7,medium
6,Team_06,T06M3,12,5.7,3,2,1,3.4,medium
6,Team_06,T06M3,13,6.5,5,2,2,4.1,medium
6,Team_06,T06M3,14,3.8,5,1,1,3.7,medium
6,Team_06,T06M4,1,5.1,4,0,2,3.2,medium
6,Team_06,T06M4,2,4.9,2,2,3,3.3,medium
6,Team_06,T06M4,3,4.2,2,1,3,3.7,medium
6,Team_06,T06M4,4,6.6,6,2,2,4.2,medium
6,Team_06,T06M4,5,3.7,2,0,2,3.7,medium
6,Team_06,T06M4,6,6.0,5,1,2,3.5,medium
6,Team_06,T06M4,7,3.8,3,2,1,2.8,medium
6,Team_06,T06M4,8,6.9,6,2,2,4.0,medium
6,Team_06,T06M4,9,5.9,7,1,2,3.2,medium
6,Team_06,T06M4,10,5.0,5,0,3,3.7,medium
6,Team_06,T06M4,11,5.7,4,2,3,3.6,medium
6,Team_06,T06M4,12,7.5,7,1,3,3.6,medium
6,Team_06,T06M4,13,5.1,4,2,1,3.4,medium
6,Team_06,T06M4,14,3.9,2,2,2,2.9,medium
6,Team_06,T06M5,1,5.6,4,1,3,3.3,medium
6,Team_06,T06M5,2,8.1,7,2,4,4.3,medium
6,Team_06,T06M5,3,8.3,4,1,3,3.9,medium
6,Team_06,T06M5,4,5.2,3,0,2,4.0,medium
6,Team_06,T06M5,5,7.1,10,2,3,3.7,medium
6,Team_06,T06M5,6,8.0,5,1,3,4.5,medium
6,Team_06,T06M5,7,6.4,3,1,3,4.2,medium
6,Team_06,T06M5,8,8.0,11,1,3,4.6,medium
6,Team_06,T06M5,9,7.0,6,2,3,4.2,medium
6,Team_06,T06M5,10,7.9,4,2,2,4.1,medium
6,Team_06,T06M5,11,6.3,3,2,3,3.6,medium
6,Team_06,T06M5,12,7.4,6,2,3,3.8,medium
6,Team_06,T06M5,13,5.2,7,1,3,4.0,medium
6,Team_06,T06M5,14,6.1,9,0,2,3.9,medium
7,Team_07,T07M1,1,11.1,7,0,4,5.0,high
7,Team_07,T07M1,2,10.8,10,0,4,4.4,high
7,Team_07,T07M1,3,10.6,9,2,4,4.7,high
7,Team_07,T07M1,4,10.8,15,1,5,4.9,high
7,Team_07,T07M1,5,10.3,10,1,5,4.7,high
7,Team_07,T07M1,6,9.1,5,2,3,4.3,high
7,Team_07,T07M1,7,9.6,10,1,4,4.6,high
7,Team_07,T07M1,8,8.9,9,2,4,4.0,high
7,Team_07,T07M1,9,8.6,4,0,5,4.2,high
7,Team_07,T07M1,10,8.4,9,1,5,4.0,high
7,Team_07,T07M1,11,8.3,8,1,3,4.4,high
7,Team_07,T07M1,12,11.8,13,1,6,4.6,high
7,Team_07,T07M1,13,12.0,15,0,5,4.4,high
7,Team_07,T07M1,14,10.3,8,2,4,4.7,high
7,Team_07,T07M2,1,3.6,4,2,1,3.5,low
7,Team_07,T07M2,2,2.9,1,1,2,2.7,low
7,Team_07,T07M2,3,1.5,1,0,1,2.9,low
7,Team_07,T07M2,4,0.3,0,1,1,3.0,low
7,Team_07,T07M2,5,0,0,0,0,2.2,low
7,Team_07,T07M2,6,0.9,1,1,1,3.1,low
7,Team_07,T07M2,7,3.0,2,2,2,2.9,low
7,Team_07,T07M2,8,2.1,2,0,2,3.1,low
7,Team_07,T07M2,9,2.0,2,0,1,3.0,low
7,Team_07,T07M2,10,3.2,2,2,0,3.5,low
7,Team_07,T07M2,11,0,0,2,1,2.3,low
7,Team_07,T07M2,12,0.5,0,2,1,2.1,low
7,Team_07,T07M2,13,3.2,3,2,1,3.1,low
7,Team_07,T07M2,14,2.8,3,1,1,2.6,low
7,Team_07,T07M3,1,1.8,1,2,0,2.7,low
7,Team_07,T07M3,2,2.8,3,1,1,2.7,low
7,Team_07,T07M3,3,1.4,1,1,0,2.7,low
7,Team_07,T07M3,4,0.9,0,0,0,2.5,low
7,Team_07,T07M3,5,1.4,1,0,0,3.1,low
7,Team_07,T07M3,6,3.6,4,0,0,3.2,low
7,Team_07,T07M3,7,1.9,1,1,0,2.4,low
7,Team_07,T07M3,8,3.7,3,0,0,3.3,low
7,Team_07,T07M3,9,0.1,0,2,1,2.7,low
7,Team_07,T07M3,10,1.0,0,0,0,2.3,low
7,Team_07,T07M3,11,0.9,0,1,0,2.2,low
7,Team_07,T07M3,12,0.1,0,1,1,2.3,low
7,Team_07,T07M3,13,1.4,1,2,0,3.1,low
7,Team_07,T07M3,14,2.4,2,0,0,2.9,low
7,Team_07,T07M4,1,7.1,8,0,4,3.9,medium
7,Team_07,T07M4,2,5.4,2,0,3,3.4,medium
7,Team_07,T07M4,3,5.3,5,2,3,3.2,medium
7,Team_07,T07M4,4,7.1,5,1,4,4.2,medium
7,Team_07,T07M4,5,4.6,3,2,3,3.4,medium
7,Team_07,T07M4,6,5.6,5,0,2,3.5,medium
7,Team_07,T07M4,7,3.8,3,1,2,3.6,medium
7,Team_07,T07M4,8,5.9,6,1,3,4.0,medium
7,Team_07,T07M4,9,6.5,6,2,2,3.9,medium
7,Team_07,T07M4,10,4.0,4,2,2,3.0,medium
7,Team_07,T07M4,11,6.1,3,2,2,3.4,medium
7,Team_07,T07M4,12,5.1,4,1,3,3.2,medium
7,Team_07,T07M4,13,5.4,5,1,3,3.8,medium
7,Team_07,T07M4,14,6.2,6,2,3,4.2,medium
8,Team_08,T08M1,1,11.3,10,2,5,4.8,high
8,Team_08,T08M1,2,10.2,13,2,6,4.8,high
8,Team_08,T08M1,3,8.6,8,0,4,4.3,high
8,Team_08,T08M1,4,8.4,12,1,4,4.4,high
8,Team_08,T08M1,5,10.3,10,1,5,4.6,high
8,Team_08,T08M1,6,11.2,13,1,4,4.8,high
8,Team_08,T08M1,7,9.7,13,1,4,4.9,high
8,Team_08,T08M1,8,10.7,8,1,6,4.2,high
8,Team_08,T08M1,9,11.2,12,2,5,4.5,high
8,Team_08,T08M1,10,10.8,8,2,6,4.4,high
8,Team_08,T08M1,11,7.9,9,0,2,3.6,high
8,Team_08,T08M1,12,11.1,8,0,4,4.3,high
8,Team_08,T08M1,13,8.8,8,2,3,3.8,high
8,Team_08,T08M1,14,9.7,13,1,5,4.9,high
8,Team_08,T08M2,1,4.7,6,1,2,3.6,medium
8,Team_08,T08M2,2,7.5,4,2,2,4.0,medium
8,Team_08,T08M2,3,6.8,9,0,3,4.2,medium
8,Team_08,T08M2,4,4.6,6,1,2,3.1,medium
8,Team_08,T08M2,5,6.9,9,1,2,3.4,medium
8,Team_08,T08M2,6,6.2,3,1,3,3.7,medium
8,Team_08,T08M2,7,6.5,6,0,4,3.8,medium
8,Team_08,T08M2,8,4.7,2,0,3,3.4,medium
8,Team_08,T08M2,9,4.9,3,2,2,3.8,medium
8,Team_08,T08M2,10,6.2,7,0,4,4.1,medium
8,Team_08,T08M2,11,7.5,9,2,3,3.6,medium
8,Team_08,T08M2,12,6.6,4,0,3,3.6,medium
8,Team_08,T08M2,13,4.9,3,0,2,3.7,medium
8,Team_08,T08M2,14,7.7,6,2,4,3.6,medium
8,Team_08,T08M3,1,5.0,3,1,1,3.4,medium
8,Team_08,T08M3,2,6.8,9,2,3,4.0,medium
8,Team_08,T08M3,3,7.3,10,1,4,3.7,medium
8,Team_08,T08M3,4,8.6,8,1,5,4.7,medium
8,Team_08,T08M3,5,6.3,7,1,4,4.1,medium
8,Team_08,T08M3,6,8.1,10,2,5,4.5,medium
8,Team_08,T08M3,7,5.1,4,2,2,3.1,medium
8,Team_08,T08M3,8,7.0,3,2,4,3.6,medium
8,Team_08,T08M3,9,6.9,4,2,3,3.5,medium
8,Team_08,T08M3,10,5.6,6,0,3,3.6,medium
8,Team_08,T08M3,11,5.0,3,1,2,3.6,medium
8,Team_08,T08M3,12,7.0,8,1,4,3.4,medium
8,Team_08,T08M3,13,5.8,2,0,3,3.2,medium
8,Team_08,T08M3,14,6.5,7,2,2,4.2,medium
8,Team_08,T08M4,1,1.0,0,0,1,3.2,low
8,Team_08,T08M4,2,3.5,3,1,1,3.6,low
8,Team_08,T08M4,3,4.5,3,2,3,3.8,low
8,Team_08,T08M4,4,1.4,1,0,0,3.3,low
8,Team_08,T08M4,5,2.4,1,0,0,3.2,low
8,Team_08,T08M4,6,4.8,4,2,3,3.4,low
8,Team_08,T08M4,7,2.4,1,1,1,2.6,low
8,Team_08,T08M4,8,1.6,2,0,0,3.1,low
8,Team_08,T08M4,9,2.5,3,0,0,2.7,low
8,Team_08,T08M4,10,1.3,0,2,1,3.0,low
8,Team_08,T08M4,11,1.1,1,1,0,2.4,low
8,Team_08,T08M4,12,1.7,2,0,0,2.9,low
8,Team_08,T08M4,13,2.0,2,2,2,2.7,low
8,Team_08,T08M4,14,3.3,3,1,0,3.0,low
9,Team_09,T09M1,1,8.1,4,2,5,4.5,high
9,Team_09,T09M1,2,9.4,8,1,3,4.8,high
9,Team_09,T09M1,3,10.7,12,2,5,4.8,high
9,Team_09,T09M1,4,8.5,6,0,5,4.2,high
9,Team_09,T09M1,5,10.3,8,2,4,4.9,high
9,Team_09,T09M1,6,10.5,11,1,6,4.6,high
9,Team_09,T09M1,7,8.4,6,1,5,3.8,high
9,Team_09,T09M1,8,8.7,7,2,5,4.6,high
9,Team_09,T09M1,9,7.1,6,2,4,3.5,high
9,Team_09,T09M1,10,7.2,9,2,4,4.1,high
9,Team_09,T09M1,11,7.8,5,1,3,4.5,high
9,Team_09,T09M1,12,6.9,9,2,2,4.1,high
9,Team_09,T09M1,13,9.9,14,2,5,4.7,high
9,Team_09,T09M1,14,8.5,6,1,4,4.1,high
9,Team_09,T09M2,1,4.5,4,1,2,3.0,medium
9,Team_09,T09M2,2,7.4,7,1,2,3.8,medium
9,Team_09,T09M2,3,5.1,5,0,3,3.2,medium
9,Team_09,T09M2,4,4.5,6,2,3,3.3,medium
9,Team_09,T09M2,5,4.0,3,1,3,3.6,medium
9,Team_09,T09M2,6,5.4,6,2,2,3.3,medium
9,Team_09,T09M2,7,6.7,9,2,4,3.8,medium
9,Team_09,T09M2,8,4.1,5,0,1,3.5,medium
9,Team_09,T09M2,9,5.4,7,2,3,4.0,medium
9,Team_09,T09M2,10,5.5,7,0,3,3.2,medium
9,Team_09,T09M2,11,3.5,2,2,0,2.8,medium
9,Team_09,T09M2,12,4.0,2,1,2,2.9,medium
9,Team_09,T09M2,13,6.0,8,1,3,3.7,medium
9,Team_09,T09M2,14,3.5,3,0,0,3.2,medium
9,Team_09,T09M3,1,6.0,7,2,2,4.0,medium
9,Team_09,T09M3,2,9.5,5,0,5,4.1,medium
9,Team_09,T09M3,3,6.7,6,1,3,4.1,medium
9,Team_09,T09M3,4,6.2,9,1,4,3.5,medium
9,Team_09,T09M3,5,8.7,6,0,5,4.7,medium
9,Team_09,T09M3,6,8.5,4,1,4,4.1,medium
9,Team_09,T09M3,7,7.8,8,2,2,3.6,medium
9,Team_09,T09M3,8,9.3,10,1,5,4.8,medium
9,Team_09,T09M3,9,9.8,13,0,3,4.2,medium
9,Team_09,T09M3,10,9.4,13,1,4,3.9,medium
9,Team_09,T09M3,11,6.2,8,2,4,3.9,medium
9,Team_09,T09M3,12,6.6,8,0,2,3.9,medium
9,Team_09,T09M3,13,8.9,10,1,3,4.1,medium
9,Team_09,T09M3,14,8.2,8,1,5,4.5,medium
10,Team_10,T10M1,1,9.6,14,2,3,4.4,high
10,Team_10,T10M1,2,12.9,7,1,5,5.0,high
10,Team_10,T10M1,3,10.4,13,2,5,5.0,high
10,Team_10,T10M1,4,10.3,11,1,5,4.3,high
10,Team_10,T10M1,5,11.2,9,0,6,4.8,high
10,Team_10,T10M1,6,10.5,13,1,4,4.8,high
10,Team_10,T10M1,7,9.4,6,2,5,4.0,high
10,Team_10,T10M1,8,10.6,9,0,4,5.0,high
10,Team_10,T10M1,9,10.8,13,0,4,4.2,high
10,Team_10,T10M1,10,10.7,11,2,5,4.3,high
10,Team_10,T10M1,11,9.4,9,2,5,4.7,high
10,Team_10,T10M1,12,12.5,6,1,6,5.0,high
10,Team_10,T10M1,13,11.9,12,0,6,4.9,high
10,Team_10,T10M1,14,11.8,7,1,5,4.6,high
10,Team_10,T10M2,1,0.4,0,0,0,2.3,low
10,Team_10,T10M2,2,0.3,0,2,1,2.3,low
10,Team_10,T10M2,3,0,0,1,0,2.8,low
10,Team_10,T10M2,4,0.9,1,1,0,2.6,low
10,Team_10,T10M2,5,2.6,3,2,0,2.8,low
10,Team_10,T10M2,6,1.7,2,1,0,2.5,low
10,Team_10,T10M2,7,0.9,0,2,1,2.8,low
10,Team_10,T10M2,8,3.2,4,1,1,2.9,low
10,Team_10,T10M2,9,2.5,2,2,0,3.1,low
10,Team_10,T10M2,10,1.5,1,2,0,3.3,low
10,Team_10,T10M2,11,1.2,1,1,0,3.1,low
10,Team_10,T10M2,12,0,0,1,1,2.5,low
10,Team_10,T10M2,13,1.9,1,2,0,3.1,low
10,Team_10,T10M2,14,2.5,1,2,1,3.1,low
10,Team_10,T10M3,1,9.2,8,0,4,4.5,medium
10,Team_10,T10M3,2,8.9,9,0,3,4.6,medium
10,Team_10,T10M3,3,8.3,7,2,5,3.7,medium
10,Team_10,T10M3,4,9.6,11,1,4,4.9,medium
10,Team_10,T10M3,5,7.4,3,1,2,4.0,medium
10,Team_10,T10M3,6,7.8,8,2,2,4.0,medium
10,Team_10,T10M3,7,7.3,9,2,4,4.0,medium
10,Team_10,T10M3,8,7.1,3,0,3,3.8,medium
10,Team_10,T10M3,9,9.5,5,2,3,4.3,medium
10,Team_10,T10M3,10,7.1,9,2,3,3.8,medium
10,Team_10,T10M3,11,6.1,7,1,3,3.3,medium
10,Team_10,T10M3,12,5.9,7,0,2,3.8,medium
10,Team_10,T10M3,13,8.4,5,2,3,4.2,medium
10,Team_10,T10M3,14,7.9,6,1,3,3.8,medium
10,Team_10,T10M4,1,5.3,4,0,3,3.7,medium
10,Team_10,T10M4,2,3.5,3,1,0,3.4,medium
10,Team_10,T10M4,3,3.6,4,0,2,2.8,medium
10,Team_10,T10M4,4,6.2,4,1,2,3.7,medium
10,Team_10,T10M4,5,3.8,5,2,2,3.1,medium
10,Team_10,T10M4,6,4.3,3,0,2,3.2,medium
10,Team_10,T10M4,7,4.6,3,2,3,3.7,medium
10,Team_10,T10M4,8,6.4,6,2,2,3.6,medium
10,Team_10,T10M4,9,3.7,2,1,2,2.9,medium
10,Team_10,T10M4,10,4.3,4,2,2,3.3,medium
10,Team_10,T10M4,11,4.7,4,2,1,3.5,medium
10,Team_10,T10M4,12,4.7,3,1,2,3.6,medium
10,Team_10,T10M4,13,6.2,9,1,2,3.4,medium
10,Team_10,T10M4,14,4.3,4,2,2,3.3,medium
11,Team_11,T11M1,1,10.6,7,2,4,4.9,high
11,Team_11,T11M1,2,9.7,5,0,5,4.2,high
11,Team_11,T11M1,3,12.0,12,1,6,4.9,high
11,Team_11,T11M1,4,11.1,8,2,5,4.8,high
11,Team_11,T11M1,5,11.9,14,1,6,4.6,high
11,Team_11,T11M1,6,10.5,13,2,4,4.4,high
11,Team_11,T11M1,7,12.8,12,1,5,5.0,high
11,Team_11,T11M1,8,12.8,16,0,5,5.0,high
11,Team_11,T11M1,9,11.2,9,2,6,4.9,high
11,Team_11,T11M1,10,9.5,6,0,3,4.7,high
11,Team_11,T11M1,11,11.1,11,2,6,4.4,high
11,Team_11,T11M1,12,12.8,10,2,6,5.0,high
11,Team_11,T11M1,13,10.9,15,0,4,5.0,high
11,Team_11,T11M1,14,12.0,17,1,6,4.5,high
11,Team_11,T11M2,1,5.8,7,2,2,3.7,medium
11,Team_11,T11M2,2,5.3,4,1,2,3.5,medium
11,Team_11,T11M2,3,5.5,7,0,2,3.6,medium
11,Team_11,T11M2,4,4.1,5,1,2,3.8,medium
11,Team_11,T11M2,5,4.3,2,2,1,3.6,medium
11,Team_11,T11M2,6,4.8,5,1,1,3.8,medium
11,Team_11,T11M2,7,4.6,6,0,2,3.2,medium
11,Team_11,T11M2,8,6.3,5,2,2,3.8,medium
11,Team_11,T11M2,9,4.9,4,2,1,3.0,medium
11,Team_11,T11M2,10,5.5,7,0,1,4.0,medium
11,Team_11,T11M2,11,3.6,3,1,0,3.7,medium
11,Team_11,T11M2,12,6.6,9,1,2,4.2,medium
11,Team_11,T11M2,13,6.5,3,1,3,3.4,medium
11,Team_11,T11M2,14,5.7,6,0,2,3.8,medium
11,Team_11,T11M3,1,6.7,3,0,2,3.6,medium
11,Team_11,T11M3,2,5.3,5,2,3,3.5,medium
11,Team_11,T11M3,3,5.1,4,0,2,3.7,medium
11,Team_11,T11M3,4,6.9,5,0,4,4.2,medium
11,Team_11,T11M3,5,5.4,4,1,1,3.5,medium
11,Team_11,T11M3,6,8.3,11,2,5,3.8,medium
11,Team_11,T11M3,7,7.1,3,2,2,3.9,medium
11,Team_11,T11M3,8,7.9,8,0,3,4.2,medium
11,Team_11,T11M3,9,6.8,4,0,2,4.1,medium
11,Team_11,T11M3,10,7.4,6,1,3,4.3,medium
11,Team_11,T11M3,11,6.0,6,0,4,3.8,medium
11,Team_11,T11M3,12,7.9,6,2,2,4.4,medium
11,Team_11,T11M3,13,7.7,6,2,4,4.0,medium
11,Team_11,T11M3,14,8.0,6,0,3,4.1,medium
11,Team_11,T11M4,1,2.4,2,0,1,3.4,low
11,Team_11,T11M4,2,0.5,0,2,0,2.5,low
11,Team_11,T11M4,3,2.7,3,0,0,3.1,low
11,Team_11,T11M4,4,0.1,0,0,0,2.5,low
11,Team_11,T11M4,5,2.5,2,1,1,3.2,low
11,Team_11,T11M4,6,0.3,0,2,0,2.3,low
11,Team_11,T11M4,7,1.2,1,0,0,2.8,low
11,Team_11,T11M4,8,1.6,1,2,1,3.0,low
11,Team_11,T11M4,9,1.2,1,0,0,2.5,low
11,Team_11,T11M4,10,3.7,2,2,2,2.8,low
11,Team_11,T11M4,11,2.7,3,0,0,2.5,low
11,Team_11,T11M4,12,0.5,0,1,0,2.6,low
11,Team_11,T11M4,13,3.1,3,0,1,2.8,low
11,Team_11,T11M4,14,3.1,2,0,0,3.0,low
12,Team_12,T12M1,1,9.1,13,2,3,4.3,high
12,Team_12,T12M1,2,10.1,5,2,4,4.4,high
12,Team_12,T12M1,3,9.1,5,2,5,4.5,high
12,Team_12,T12M1,4,9.0,9,0,3,4.0,high
12,Team_12,T12M1,5,10.0,8,0,3,4.9,high
12,Team_12,T12M1,6,11.5,12,2,6,5.0,high
12,Team_12,T12M1,7,9.0,6,2,4,4.1,high
12,Team_12,T12M1,8,8.4,7,2,5,4.6,high
12,Team_12,T12M1,9,8.8,11,0,4,3.8,high
12,Team_12,T12M1,10,10.0,7,1,4,4.1,high
12,Team_12,T12M1,11,9.9,8,1,5,4.8,high
12,Team_12,T12M1,12,11.1,8,1,6,5.0,high
12,Team_12,T12M1,13,12.1,15,2,7,5.0,high
12,Team_12,T12M1,14,9.1,4,1,3,4.0,high
12,Team_12,T12M2,1,8.9,12,0,5,4.1,medium
12,Team_12,T12M2,2,8.3,6,0,5,4.6,medium
12,Team_12,T12M2,3,7.0,10,0,4,3.7,medium
12,Team_12,T12M2,4,5.5,4,2,2,3.8,medium
12,Team_12,T12M2,5,6.8,10,0,4,3.5,medium
12,Team_12,T12M2,6,5.9,7,0,3,3.7,medium
12,Team_12,T12M2,7,7.1,10,0,3,3.7,medium
12,Team_12,T12M2,8,6.6,8,2,4,3.6,medium
12,Team_12,T12M2,9,7.2,5,0,2,4.2,medium
12,Team_12,T12M2,10,7.7,5,0,3,4.0,medium
12,Team_12,T12M2,11,7.0,7,0,3,3.7,medium
12,Team_12,T12M2,12,6.4,3,0,4,3.6,medium
12,Team_12,T12M2,13,8.2,9,0,4,3.8,medium
12,Team_12,T12M2,14,8.2,12,1,5,3.7,medium
12,Team_12,T12M3,1,6.0,8,1,3,3.9,medium
12,Team_12,T12M3,2,6.3,6,0,2,3.3,medium
12,Team_12,T12M3,3,8.6,12,0,3,4.5,medium
12,Team_12,T12M3,4,6.8,7,2,2,3.9,medium
12,Team_12,T12M3,5,6.3,8,0,2,3.5,medium
12,Team_12,T12M3,6,7.9,10,0,3,3.7,medium
12,Team_12,T12M3,7,9.0,4,2,4,4.6,medium
12,Team_12,T12M3,8,6.9,3,2,3,3.5,medium
12,Team_12,T12M3,9,6.1,4,1,3,4.1,medium
12,Team_12,T12M3,10,5.4,6,0,3,3.4,medium
12,Team_12,T12M3,11,6.9,7,0,2,3.7,medium
12,Team_12,T12M3,12,5.8,4,2,1,3.8,medium
12,Team_12,T12M3,13,8.5,10,1,5,4.1,medium
12,Team_12,T12M3,14,7.5,7,2,4,3.8,medium
12,Team_12,T12M4,1,4.5,2,1,1,3.7,medium
12,Team_12,T12M4,2,4.0,3,2,0,3.8,medium
12,Team_12,T12M4,3,2.5,2,1,2,3.3,medium
12,Team_12,T12M4,4,5.8,3,0,3,4.0,medium
12,Team_12,T12M4,5,5.3,4,0,1,3.3,medium
12,Team_12,T12M4,6,3.4,4,1,2,2.7,medium
12,Team_12,T12M4,7,4.9,7,2,1,3.5,medium
12,Team_12,T12M4,8,2.9,4,1,2,2.9,medium
12,Team_12,T12M4,9,4.1,2,0,3,3.0,medium
12,Team_12,T12M4,10,4.2,2,2,1,3.6,medium
12,Team_12,T12M4,11,3.5,2,1,0,2.7,medium
12,Team_12,T12M4,12,4.5,6,0,3,3.8,medium
12,Team_12,T12M4,13,5.9,5,2,2,3.8,medium
12,Team_12,T12M4,14,3.5,2,0,2,3.6,medium
13,Team_13,T13M1,1,9.3,13,2,5,4.6,high
13,Team_13,T13M1,2,9.5,10,0,4,4.2,high
13,Team_13,T13M1,3,11.4,7,2,4,5.0,high
13,Team_13,T13M1,4,12.4,11,2,5,4.7,high
13,Team_13,T13M1,5,9.9,12,2,3,4.6,high
13,Team_13,T13M1,6,9.0,8,1,5,3.9,high
13,Team_13,T13M1,7,10.0,8,2,3,4.8,high
13,Team_13,T13M1,8,11.3,13,1,5,4.3,high
13,Team_13,T13M1,9,9.4,11,1,4,4.7,high
13,Team_13,T13M1,10,11.5,6,1,6,4.7,high
13,Team_13,T13M1,11,9.3,8,1,4,4.4,high
13,Team_13,T13M1,12,9.0,8,2,5,4.6,high
13,Team_13,T13M1,13,9.5,9,0,4,3.9,high
13,Team_13,T13M1,14,9.6,5,1,3,4.8,high
13,Team_13,T13M2,1,6.1,8,1,4,4.2,medium
13,Team_13,T13M2,2,5.9,7,1,3,3.3,medium
13,Team_13,T13M2,3,5.9,3,0,2,3.4,medium
13,Team_13,T13M2,4,3.1,3,2,2,3.2,medium
13,Team_13,T13M2,5,4.9,3,0,1,3.4,medium
13,Team_13,T13M2,6,4.5,4,0,2,2.9,medium
13,Team_13,T13M2,7,2.7,3,2,2,3.0,medium
13,Team_13,T13M2,8,2.7,1,2,1,3.5,medium
13,Team_13,T13M2,9,4.2,2,1,2,3.3,medium
13,Team_13,T13M2,10,4.9,2,2,2,3.2,medium
13,Team_13,T13M2,11,5.8,5,1,1,3.4,medium
13,Team_13,T13M2,12,4.2,3,1,3,2.9,medium
13,Team_13,T13M2,13,5.3,6,0,3,3.4,medium
13,Team_13,T13M2,14,4.5,6,2,1,3.4,medium
13,Team_13,T13M3,1,6.9,7,1,4,4.3,medium
13,Team_13,T13M3,2,7.2,4,2,2,3.9,medium
13,Team_13,T13M3,3,8.9,11,2,5,3.9,medium
13,Team_13,T13M3,4,9.1,8,0,3,4.6,medium
13,Team_13,T13M3,5,5.8,5,2,2,3.4,medium
13,Team_13,T13M3,6,8.6,5,2,4,4.0,medium
13,Team_13,T13M3,7,8.2,10,0,4,4.2,medium
13,Team_13,T13M3,8,7.5,10,2,3,4.4,medium
13,Team_13,T13M3,9,5.3,6,2,3,3.8,medium
13,Team_13,T13M3,10,5.7,3,2,3,3.7,medium
13,Team_13,T13M3,11,9.1,5,0,5,4.6,medium
13,Team_13,T13M3,12,8.4,11,1,4,3.9,medium
13,Team_13,T13M3,13,7.9,8,1,2,3.8,medium
13,Team_13,T13M3,14,6.9,7,2,4,3.8,medium
13,Team_13,T13M4,1,8.3,4,1,4,4.6,medium
13,Team_13,T13M4,2,5.6,7,1,2,3.4,medium
13,Team_13,T13M4,3,7.5,8,0,2,3.6,medium
13,Team_13,T13M4,4,9.4,8,1,4,4.6,medium
13,Team_13,T13M4,5,7.9,4,1,2,4.5,medium
13,Team_13,T13M4,6,7.1,7,2,3,4.2,medium
13,Team_13,T13M4,7,7.6,4,1,4,4.0,medium
13,Team_13,T13M4,8,6.1,8,2,2,3.4,medium
13,Team_13,T13M4,9,9.0,6,0,3,3.8,medium
13,Team_13,T13M4,10,5.7,4,0,2,3.5,medium
13,Team_13,T13M4,11,7.4,6,0,4,3.5,medium
13,Team_13,T13M4,12,7.0,7,0,3,4.0,medium
13,Team_13,T13M4,13,6.9,4,1,4,4.2,medium
13,Team_13,T13M4,14,5.9,3,0,1,4.0,medium
13,Team_13,T13M5,1,3.7,2,0,1,3.4,medium
13,Team_13,T13M5,2,4.9,6,2,1,3.5,medium
13,Team_13,T13M5,3,3.4,2,0,0,2.9,medium
13,Team_13,T13M5,4,6.1,4,2,4,3.5,medium
13,Team_13,T13M5,5,6.4,8,1,3,3.5,medium
13,Team_13,T13M5,6,4.1,4,2,2,3.4,medium
13,Team_13,T13M5,7,2.9,4,1,2,3.2,medium
13,Team_13,T13M5,8,5.3,4,0,2,3.1,medium
13,Team_13,T13M5,9,6.8,7,1,3,4.0,medium
13,Team_13,T13M5,10,6.7,7,0,2,3.9,medium
13,Team_13,T13M5,11,3.8,2,2,1,3.4,medium
13,Team_13,T13M5,12,5.6,6,2,2,4.1,medium
13,Team_13,T13M5,13,3.9,3,1,2,2.8,medium
13,Team_13,T13M5,14,5.7,6,0,2,3.9,medium
14,Team_14,T14M1,1,10.5,15,1,6,4.4,high
14,Team_14,T14M1,2,9.2,10,2,3,4.1,high
14,Team_14,T14M1,3,10.4,12,2,6,4.9,high
14,Team_14,T14M1,4,9.3,10,1,5,3.9,high
14,Team_14,T14M1,5,10.0,12,1,4,4.8,high
14,Team_14,T14M1,6,9.9,7,1,4,4.8,high
14,Team_14,T14M1,7,10.4,14,2,6,5.0,high
14,Team_14,T14M1,8,8.8,12,2,3,4.6,high
14,Team_14,T14M1,9,10.1,8,0,4,4.2,high
14,Team_14,T14M1,10,9.4,8,2,4,4.0,high
14,Team_14,T14M1,11,12.0,8,0,6,4.7,high
14,Team_14,T14M1,12,12.5,10,0,5,5.0,high
14,Team_14,T14M1,13,9.4,11,2,3,4.4,high
14,Team_14,T14M1,14,11.6,6,2,5,5.0,high
14,Team_14,T14M2,1,7.4,3,0,4,3.9,medium
14,Team_14,T14M2,2,5.9,4,2,1,3.2,medium
14,Team_14,T14M2,3,5.9,7,0,3,4.1,medium
14,Team_14,T14M2,4,7.1,4,2,4,3.7,medium
14,Team_14,T14M2,5,6.1,3,1,3,4.0,medium
14,Team_14,T14M2,6,8.2,6,2,3,4.0,medium
14,Team_14,T14M2,7,9.5,8,0,3,4.8,medium
14,Team_14,T14M2,8,9.5,8,0,3,4.6,medium
14,Team_14,T14M2,9,6.4,7,2,4,3.4,medium
14,Team_14,T14M2,10,7.3,8,0,3,4.3,medium
14,Team_14,T14M2,11,6.9,7,0,4,4.4,medium
14,Team_14,T14M2,12,8.5,9,0,3,4.4,medium
14,Team_14,T14M2,13,7.5,6,2,3,4.0,medium
14,Team_14,T14M2,14,6.5,7,2,2,3.6,medium
14,Team_14,T14M3,1,5.7,6,0,2,4.0,medium
14,Team_14,T14M3,2,5.1,6,0,2,3.1,medium
14,Team_14,T14M3,3,5.1,3,0,2,3.8,medium
14,Team_14,T14M3,4,8.5,7,1,4,3.9,medium
14,Team_14,T14M3,5,6.8,9,2,3,3.7,medium
14,Team_14,T14M3,6,4.7,5,0,3,3.6,medium
14,Team_14,T14M3,7,5.2,3,2,1,3.8,medium
14,Team_14,T14M3,8,5.1,3,0,2,4.0,medium
14,Team_14,T14M3,9,5.8,5,0,1,4.0,medium
14,Team_14,T14M3,10,8.1,6,2,4,4.0,medium
14,Team_14,T14M3,11,5.1,6,0,1,3.9,medium
14,Team_14,T14M3,12,7.3,4,1,3,4.4,medium
14,Team_14,T14M3,13,5.7,7,1,2,3.3,medium
14,Team_14,T14M3,14,6.3,9,1,3,3.9,medium
15,Team_15,T15M1,1,11.8,7,2,6,4.4,high
15,Team_15,T15M1,2,12.4,8,1,7,5.0,high
15,Team_15,T15M1,3,10.9,10,2,5,5.0,high
15,Team_15,T15M1,4,11.0,15,2,4,4.7,high
15,Team_15,T15M1,5,10.5,14,1,4,4.2,high
15,Team_15,T15M1,6,11.2,5,2,6,5.0,high
15,Team_15,T15M1,7,10.9,11,2,5,4.7,high
15,Team_15,T15M1,8,11.3,12,1,6,5.0,high
15,Team_15,T15M1,9,10.5,12,2,5,4.3,high
15,Team_15,T15M1,10,11.9,16,2,4,4.4,high
15,Team_15,T15M1,11,12.3,12,1,6,5.0,high
15,Team_15,T15M1,12,8.9,8,0,4,4.7,high
15,Team_15,T15M1,13,8.8,6,2,4,4.2,high
15,Team_15,T15M1,14,9.5,9,2,4,4.0,high
15,Team_15,T15M2,1,7.2,8,0,2,3.8,medium
15,Team_15,T15M2,2,3.4,3,0,2,3.6,medium
15,Team_15,T15M2,3,5.8,8,2,1,3.8,medium
15,Team_15,T15M2,4,5.1,4,0,1,3.9,medium
15,Team_15,T15M2,5,4.6,5,2,2,3.6,medium
15,Team_15,T15M2,6,4.7,4,0,3,3.2,medium
15,Team_15,T15M2,7,4.6,6,1,3,3.4,medium
15,Team_15,T15M2,8,6.1,3,0,3,3.4,medium
15,Team_15,T15M2,9,6.1,7,0,3,3.8,medium
15,Team_15,T15M2,10,4.0,5,1,1,3.3,medium
15,Team_15,T15M2,11,6.4,7,0,3,3.3,medium
15,Team_15,T15M2,12,5.8,6,0,2,3.6,medium
15,Team_15,T15M2,13,5.6,5,1,1,3.7,medium
15,Team_15,T15M2,14,3.5,4,2,1,3.6,medium
15,Team_15,T15M3,1,8.4,5,0,3,4.1,medium
15,Team_15,T15M3,2,8.0,11,2,4,4.0,medium
15,Team_15,T15M3,3,8.1,9,0,4,4.0,medium
15,Team_15,T15M3,4,7.0,5,0,2,3.8,medium
15,Team_15,T15M3,5,8.4,10,1,5,4.2,medium
15,Team_15,T15M3,6,6.9,8,2,4,3.6,medium
15,Team_15,T15M3,7,6.5,7,2,3,4.2,medium
15,Team_15,T15M3,8,6.2,7,0,4,3.8,medium
15,Team_15,T15M3,9,8.2,9,1,5,4.1,medium
15,Team_15,T15M3,10,7.9,9,1,4,4.3,medium
15,Team_15,T15M3,11,9.0,7,1,3,4.3,medium
15,Team_15,T15M3,12,5.7,3,2,1,3.3,medium
15,Team_15,T15M3,13,8.6,5,1,5,4.0,medium
15,Team_15,T15M3,14,9.0,10,1,3,4.6,medium
15,Team_15,T15M4,1,1.0,1,2,1,3.1,low
15,Team_15,T15M4,2,3.6,3,0,2,3.5,low
15,Team_15,T15M4,3,3.8,3,2,0,3.7,low
15,Team_15,T15M4,4,2.2,3,2,1,3.4,low
15,Team_15,T15M4,5,0.8,1,0,1,3.0,low
15,Team_15,T15M4,6,4.1,3,0,3,3.5,low
15,Team_15,T15M4,7,3.2,4,2,2,3.2,low
15,Team_15,T15M4,8,3.7,5,1,1,2.9,low
15,Team_15,T15M4,9,3.4,2,0,2,3.2,low
15,Team_15,T15M4,10,2.1,1,2,1,2.6,low
15,Team_15,T15M4,11,3.0,2,1,1,3.3,low
15,Team_15,T15M4,12,1.2,0,1,1,2.3,low
15,Team_15,T15M4,13,4.4,4,2,2,3.4,low
15,Team_15,T15M4,14,2.9,2,2,1,3.1,low
16,Team_16,T16M1,1,8.3,7,2,4,3.8,high
16,Team_16,T16M1,2,7.2,5,1,3,3.8,high
16,Team_16,T16M1,3,7.1,8,2,3,4.4,high
16,Team_16,T16M1,4,9.6,14,0,3,4.6,high
16,Team_16,T16M1,5,8.1,11,2,5,3.9,high
16,Team_16,T16M1,6,6.4,8,1,2,3.7,high
16,Team_16,T16M1,7,8.4,6,2,4,4.2,high
16,Team_16,T16M1,8,8.3,8,1,5,3.9,high
16,Team_16,T16M1,9,8.3,12,0,5,4.2,high
16,Team_16,T16M1,10,8.8,6,2,3,4.6,high
16,Team_16,T16M1,11,8.0,4,2,4,4.5,high
16,Team_16,T16M1,12,9.2,8,0,5,4.5,high
16,Team_16,T16M1,13,6.4,7,0,2,3.3,high
16,Team_16,T16M1,14,7.0,5,0,4,4.2,high
16,Team_16,T16M2,1,5.4,4,1,1,3.5,medium
16,Team_16,T16M2,2,4.1,2,2,3,2.9,medium
16,Team_16,T16M2,3,6.6,3,0,3,4.3,medium
16,Team_16,T16M2,4,4.1,5,1,3,2.9,medium
16,Team_16,T16M2,5,6.7,6,1,4,3.4,medium
16,Team_16,T16M2,6,4.3,3,2,2,3.6,medium
16,Team_16,T16M2,7,7.0,5,2,2,3.7,medium
16,Team_16,T16M2,8,7.2,10,2,4,3.8,medium
16,Team_16,T16M2,9,7.4,7,2,2,3.6,medium
16,Team_16,T16M2,10,3.7,4,2,2,3.7,medium
16,Team_16,T16M2,11,4.8,6,2,2,3.2,medium
16,Team_16,T16M2,12,7.3,9,0,2,3.6,medium
16,Team_16,T16M2,13,6.1,4,0,2,3.9,medium
16,Team_16,T16M2,14,5.9,3,2,2,3.8,medium
16,Team_16,T16M3,1,1.3,0,2,0,3.2,low
16,Team_16,T16M3,2,1.8,2,0,0,2.6,low
16,Team_16,T16M3,3,0.6,0,1,0,2.5,low
16,Team_16,T16M3,4,3.0,3,0,2,3.2,low
16,Team_16,T16M3,5,3.6,5,0,0,3.0,low
16,Team_16,T16M3,6,3.5,4,2,1,3.0,low
16,Team_16,T16M3,7,1.8,2,1,0,2.8,low
16,Team_16,T16M3,8,1.8,1,2,0,2.5,low
16,Team_16,T16M3,9,2.8,3,0,2,2.8,low
16,Team_16,T16M3,10,3.3,3,2,0,3.5,low
16,Team_16,T16M3,11,3.7,4,2,2,3.2,low
16,Team_16,T16M3,12,2.7,3,2,1,3.1,low
16,Team_16,T16M3,13,4.3,4,0,2,3.3,low
16,Team_16,T16M3,14,3.9,4,1,0,3.2,low
17,Team_17,T17M1,1,9.6,11,2,5,4.1,high
17,Team_17,T17M1,2,9.6,9,0,5,4.9,high
17,Team_17,T17M1,3,10.2,15,2,6,4.5,high
17,Team_17,T17M1,4,9.0,6,1,3,3.9,high
17,Team_17,T17M1,5,9.1,4,0,5,4.7,high
17,Team_17,T17M1,6,9.0,8,1,3,3.8,high
17,Team_17,T17M1,7,10.2,6,2,6,4.9,high
17,Team_17,T17M1,8,10.9,8,2,6,4.4,high
17,Team_17,T17M1,9,10.2,8,2,4,4.6,high
17,Team_17,T17M1,10,9.1,12,2,4,4.2,high
17,Team_17,T17M1,11,11.1,10,1,6,4.2,high
17,Team_17,T17M1,12,11.1,10,0,4,4.7,high
17,Team_17,T17M1,13,8.7,5,0,4,4.3,high
17,Team_17,T17M1,14,10.9,12,1,5,4.9,high
17,Team_17,T17M2,1,4.8,3,1,1,3.2,medium
17,Team_17,T17M2,2,4.4,4,0,3,3.4,medium
17,Team_17,T17M2,3,7.5,4,0,3,4.4,medium
17,Team_17,T17M2,4,6.0,5,2,3,3.2,medium
17,Team_17,T17M2,5,6.8,7,1,2,3.6,medium
17,Team_17,T17M2,6,6.3,6,1,2,3.5,medium
17,Team_17,T17M2,7,5.6,3,2,1,3.7,medium
17,Team_17,T17M2,8,6.0,3,2,2,4.1,medium
17,Team_17,T17M2,9,6.3,3,1,3,3.4,medium
17,Team_17,T17M2,10,4.0,4,2,2,3.2,medium
17,Team_17,T17M2,11,4.5,2,1,3,3.5,medium
17,Team_17,T17M2,12,7.4,7,0,2,4.0,medium
17,Team_17,T17M2,13,4.4,4,0,3,3.5,medium
17,Team_17,T17M2,14,6.0,5,0,4,3.7,medium
17,Team_17,T17M3,1,8.4,7,2,5,4.6,medium
17,Team_17,T17M3,2,8.6,9,1,3,4.0,medium
17,Team_17,T17M3,3,8.3,11,0,4,4.3,medium
17,Team_17,T17M3,4,7.4,5,0,4,4.2,medium
17,Team_17,T17M3,5,5.2,5,2,1,3.4,medium
17,Team_17,T17M3,6,6.0,7,1,3,3.3,medium
17,Team_17,T17M3,7,6.9,7,1,4,3.8,medium
17,Team_17,T17M3,8,6.7,5,2,3,4.1,medium
17,Team_17,T17M3,9,6.9,8,1,2,3.7,medium
17,Team_17,T17M3,10,7.4,5,1,4,3.8,medium
17,Team_17,T17M3,11,8.0,9,2,3,4.4,medium
17,Team_17,T17M3,12,7.0,8,0,2,3.6,medium
17,Team_17,T17M3,13,6.8,5,2,4,4.1,medium
17,Team_17,T17M3,14,8.0,5,2,3,4.4,medium
17,Team_17,T17M4,1,6.3,3,1,2,3.6,medium
17,Team_17,T17M4,2,6.3,7,1,4,3.9,medium
17,Team_17,T17M4,3,5.0,7,0,1,3.6,medium
17,Team_17,T17M4,4,5.6,3,2,3,3.4,medium
17,Team_17,T17M4,5,4.0,4,2,3,3.0,medium
17,Team_17,T17M4,6,4.6,2,0,3,2.9,medium
17,Team_17,T17M4,7,4.5,6,1,2,3.6,medium
17,Team_17,T17M4,8,5.5,3,0,3,3.8,medium
17,Team_17,T17M4,9,7.6,7,2,4,4.4,medium
17,Team_17,T17M4,10,5.3,7,1,1,3.7,medium
17,Team_17,T17M4,11,4.7,6,2,1,3.2,medium
17,Team_17,T17M4,12,5.5,3,0,3,3.4,medium
17,Team_17,T17M4,13,7.7,9,1,4,4.3,medium
17,Team_17,T17M4,14,6.2,7,1,4,3.7,medium
17,Team_17,T17M5,1,6.5,7,2,2,3.8,medium
17,Team_17,T17M5,2,4.4,3,0,3,3.6,medium
17,Team_17,T17M5,3,6.6,5,1,4,3.8,medium
17,Team_17,T17M5,4,6.2,4,1,2,3.6,medium
17,Team_17,T17M5,5,6.4,5,2,2,3.7,medium
17,Team_17,T17M5,6,4.8,6,1,1,3.9,medium
17,Team_17,T17M5,7,6.1,8,1,4,3.4,medium
17,Team_17,T17M5,8,6.3,8,0,2,3.5,medium
17,Team_17,T17M5,9,4.4,4,0,1,3.0,medium
17,Team_17,T17M5,10,3.7,5,1,2,2.7,medium
17,Team_17,T17M5,11,6.8,9,1,3,4.0,medium
17,Team_17,T17M5,12,5.3,7,2,2,3.6,medium
17,Team_17,T17M5,13,7.3,10,1,3,3.7,medium
17,Team_17,T17M5,14,5.7,3,1,2,4.1,medium
18,Team_18,T18M1,1,10.8,13,1,4,4.9,high
18,Team_18,T18M1,2,9.2,10,0,5,4.1,high
18,Team_18,T18M1,3,9.7,8,2,4,4.1,high
18,Team_18,T18M1,4,8.4,6,2,4,4.1,high
18,Team_18,T18M1,5,9.4,6,2,4,4.2,high
18,Team_18,T18M1,6,9.0,8,2,3,4.8,high
18,Team_18,T18M1,7,10.1,13,2,5,4.8,high
18,Team_18,T18M1,8,9.6,13,0,3,4.7,high
18,Team_18,T18M1,9,10.3,10,0,4,4.5,high
18,Team_18,T18M1,10,7.9,11,2,4,4.1,high
18,Team_18,T18M1,11,8.7,8,1,5,4.6,high
18,Team_18,T18M1,12,7.6,4,0,2,3.7,high
18,Team_18,T18M1,13,8.4,11,0,4,4.4,high
18,Team_18,T18M1,14,8.4,7,2,4,4.0,high
18,Team_18,T18M2,1,6.1,6,2,4,3.9,medium
18,Team_18,T18M2,2,5.6,8,1,2,3.4,medium
18,Team_18,T18M2,3,5.4,6,1,1,3.5,medium
18,Team_18,T18M2,4,4.6,5,0,1,3.6,medium
18,Team_18,T18M2,5,7.1,6,2,4,3.8,medium
18,Team_18,T18M2,6,7.0,4,1,2,3.7,medium
18,Team_18,T18M2,7,6.0,7,2,4,3.6,medium
18,Team_18,T18M2,8,7.0,8,1,4,4.0,medium
18,Team_18,T18M2,9,7.3,6,0,2,3.6,medium
18,Team_18,T18M2,10,4.3,3,2,3,3.6,medium
18,Team_18,T18M2,11,4.2,3,0,1,3.8,medium
18,Team_18,T18M2,12,5.3,2,1,3,3.8,medium
18,Team_18,T18M2,13,3.7,2,0,0,3.4,medium
18,Team_18,T18M2,14,6.9,5,0,4,3.7,medium
18,Team_18,T18M3,1,5.9,3,2,2,4.0,medium
18,Team_18,T18M3,2,3.8,3,2,1,3.3,medium
18,Team_18,T18M3,3,3.1,4,2,0,3.2,medium
18,Team_18,T18M3,4,4.4,5,2,2,3.4,medium
18,Team_18,T18M3,5,5.1,4,1,2,3.6,medium
18,Team_18,T18M3,6,5.7,5,1,2,3.4,medium
18,Team_18,T18M3,7,3.7,1,0,1,3.0,medium
18,Team_18,T18M3,8,4.7,5,1,2,3.2,medium
18,Team_18,T18M3,9,5.6,7,2,1,3.9,medium
18,Team_18,T18M3,10,4.7,3,2,2,3.3,medium
18,Team_18,T18M3,11,3.2,3,1,1,2.9,medium
18,Team_18,T18M3,12,2.8,3,2,2,3.4,medium
18,Team_18,T18M3,13,5.3,4,2,3,3.9,medium
18,Team_18,T18M3,14,4.2,5,0,1,3.1,medium
19,Team_19,T19M1,1,9.6,10,0,4,3.9,high
19,Team_19,T19M1,2,8.7,8,0,3,4.0,high
19,Team_19,T19M1,3,9.0,8,0,3,3.9,high
19,Team_19,T19M1,4,8.5,6,1,4,4.5,high
19,Team_19,T19M1,5,10.5,9,2,4,4.4,high
19,Team_19,T19M1,6,11.8,17,0,5,5.0,high
19,Team_19,T19M1,7,8.8,8,0,4,4.6,high
19,Team_19,T19M1,8,11.8,7,2,4,4.7,high
19,Team_19,T19M1,9,12.4,9,0,5,4.9,high
19,Team_19,T19M1,10,11.6,11,0,5,4.7,high
19,Team_19,T19M1,11,12.3,17,0,7,5.0,high
19,Team_19,T19M1,12,11.4,12,0,5,4.8,high
19,Team_19,T19M1,13,9.7,8,0,5,4.2,high
19,Team_19,T19M1,14,8.9,10,1,3,4.0,high
19,Team_19,T19M2,1,5.6,2,0,3,3.9,medium
19,Team_19,T19M2,2,4.4,4,1,1,3.1,medium
19,Team_19,T19M2,3,4.5,5,1,3,3.0,medium
19,Team_19,T19M2,4,3.9,2,2,0,2.9,medium
19,Team_19,T19M2,5,3.4,5,2,1,3.5,medium
19,Team_19,T19M2,6,4.2,2,2,2,3.2,medium
19,Team_19,T19M2,7,3.0,4,1,2,3.0,medium
19,Team_19,T19M2,8,3.7,4,0,2,2.9,medium
19,Team_19,T19M2,9,3.9,4,1,2,3.7,medium
19,Team_19,T19M2,10,4.7,2,0,2,3.2,medium
19,Team_19,T19M2,11,3.5,3,0,2,3.2,medium
19,Team_19,T19M2,12,5.4,7,2,2,3.9,medium
19,Team_19,T19M2,13,3.4,4,2,2,3.5,medium
19,Team_19,T19M2,14,3.2,3,2,0,3.3,medium
19,Team_19,T19M3,1,5.0,5,0,1,3.8,medium
19,Team_19,T19M3,2,5.1,6,0,1,3.5,medium
19,Team_19,T19M3,3,5.0,5,1,3,3.5,medium
19,Team_19,T19M3,4,7.1,7,0,3,3.6,medium
19,Team_19,T19M3,5,7.4,3,0,4,4.0,medium
19,Team_19,T19M3,6,8.1,4,2,3,4.0,medium
19,Team_19,T19M3,7,7.5,10,1,4,3.6,medium
19,Team_19,T19M3,8,7.0,7,2,2,4.2,medium
19,Team_19,T19M3,9,4.9,3,2,1,3.1,medium
19,Team_19,T19M3,10,5.5,4,0,3,3.8,medium
19,Team_19,T19M3,11,6.8,9,2,4,3.9,medium
19,Team_19,T19M3,12,7.5,9,2,3,4.2,medium
19,Team_19,T19M3,13,7.4,6,0,2,4.3,medium
19,Team_19,T19M3,14,6.8,6,2,2,3.9,medium
19,Team_19,T19M4,1,9.3,9,1,4,4.3,medium
19,Team_19,T19M4,2,8.3,10,1,5,3.9,medium
19,Team_19,T19M4,3,7.9,6,2,4,3.8,medium
19,Team_19,T19M4,4,9.6,9,1,3,4.6,medium
19,Team_19,T19M4,5,9.7,10,2,3,4.9,medium
19,Team_19,T19M4,6,6.9,5,0,2,4.2,medium
19,Team_19,T19M4,7,5.8,7,2,2,4.1,medium
19,Team_19,T19M4,8,7.8,8,2,2,3.7,medium
19,Team_19,T19M4,9,7.6,4,1,3,4.4,medium
19,Team_19,T19M4,10,6.7,5,1,2,3.9,medium
19,Team_19,T19M4,11,8.0,5,0,5,3.9,medium
19,Team_19,T19M4,12,7.7,7,2,4,4.1,medium
19,Team_19,T19M4,13,9.4,10,1,3,4.6,medium
19,Team_19,T19M4,14,8.0,4,0,4,4.0,medium
19,Team_19,T19M5,1,7.1,9,0,4,4.1,medium
19,Team_19,T19M5,2,6.1,3,2,3,3.3,medium
19,Team_19,T19M5,3,5.8,4,2,1,3.5,medium
19,Team_19,T19M5,4,6.5,4,2,4,4.3,medium
19,Team_19,T19M5,5,7.6,9,2,4,3.6,medium
19,Team_19,T19M5,6,5.4,6,0,1,3.4,medium
19,Team_19,T19M5,7,5.6,6,2,2,3.4,medium
19,Team_19,T19M5,8,5.3,4,2,1,3.8,medium
19,Team_19,T19M5,9,5.6,3,1,3,3.7,medium
19,Team_19,T19M5,10,5.9,8,2,1,3.4,medium
19,Team_19,T19M5,11,4.7,4,2,3,3.0,medium
19,Team_19,T19M5,12,6.4,5,1,2,3.6,medium
19,Team_19,T19M5,13,6.0,3,1,2,4.2,medium
19,Team_19,T19M5,14,6.1,9,1,4,3.4,medium
20,Team_20,T20M1,1,8.3,10,0,3,4.4,high
20,Team_20,T20M1,2,7.8,8,0,3,3.6,high
20,Team_20,T20M1,3,9.6,5,1,4,3.9,high
20,Team_20,T20M1,4,7.6,7,0,4,4.1,high
20,Team_20,T20M1,5,7.8,7,2,2,4.3,high
20,Team_20,T20M1,6,9.5,8,2,5,3.9,high
20,Team_20,T20M1,7,7.5,5,2,4,3.8,high
20,Team_20,T20M1,8,8.7,12,0,4,4.4,high
20,Team_20,T20M1,9,9.5,13,1,3,3.9,high
20,Team_20,T20M1,10,10.3,11,0,5,4.6,high
20,Team_20,T20M1,11,9.6,13,1,5,4.5,high
20,Team_20,T20M1,12,7.5,7,1,4,4.4,high
20,Team_20,T20M1,13,6.9,5,2,3,3.7,high
20,Team_20,T20M1,14,8.4,5,1,5,4.0,high
20,Team_20,T20M2,1,6.9,6,0,4,3.6,medium
20,Team_20,T20M2,2,4.5,6,0,3,3.8,medium
20,Team_20,T20M2,3,3.8,3,1,2,2.9,medium
20,Team_20,T20M2,4,5.9,5,2,3,4.0,medium
20,Team_20,T20M2,5,5.7,5,2,1,3.6,medium
20,Team_20,T20M2,6,4.2,4,1,3,3.0,medium
20,Team_20,T20M2,7,5.6,6,2,1,4.0,medium
20,Team_20,T20M2,8,4.2,5,2,1,3.3,medium
20,Team_20,T20M2,9,6.6,8,2,4,4.2,medium
20,Team_20,T20M2,10,4.2,4,2,1,3.0,medium
20,Team_20,T20M2,11,6.3,4,0,3,4.1,medium
20,Team_20,T20M2,12,4.6,4,1,3,3.9,medium
20,Team_20,T20M2,13,6.5,9,1,2,4.1,medium
20,Team_20,T20M2,14,3.4,2,2,2,2.9,medium
20,Team_20,T20M3,1,3.9,4,1,0,3.5,medium
20,Team_20,T20M3,2,4.8,4,2,2,3.7,medium
20,Team_20,T20M3,3,4.4,5,1,2,3.0,medium
20,Team_20,T20M3,4,3.7,1,0,1,3.7,medium
20,Team_20,T20M3,5,3.8,4,0,0,2.8,medium
20,Team_20,T20M3,6,6.6,9,2,3,4.0,medium
20,Team_20,T20M3,7,6.4,8,1,3,4.1,medium
20,Team_20,T20M3,8,5.4,7,2,2,3.5,medium
20,Team_20,T20M3,9,6.7,7,2,4,4.0,medium
20,Team_20,T20M3,10,5.7,3,0,2,3.6,medium
20,Team_20,T20M3,11,6.4,8,0,4,3.8,medium
20,Team_20,T20M3,12,6.9,3,1,4,4.1,medium
20,Team_20,T20M3,13,6.8,4,1,3,4.2,medium
20,Team_20,T20M3,14,6.0,4,0,3,3.5,medium
21,Team_21,T21M1,1,11.5,13,0,6,4.8,high
21,Team_21,T21M1,2,10.3,11,2,6,4.2,high
21,Team_21,T21M1,3,11.3,10,0,5,4.8,high
21,Team_21,T21M1,4,12.5,8,1,5,4.7,high
21,Team_21,T21M1,5,12.4,17,0,7,5.0,high
21,Team_21,T21M1,6,10.0,12,2,4,4.1,high
21,Team_21,T21M1,7,12.4,15,2,7,5.0,high
21,Team_21,T21M1,8,11.1,9,0,5,4.8,high
21,Team_21,T21M1,9,12.3,7,0,5,5.0,high
21,Team_21,T21M1,10,9.8,7,2,4,4.3,high
21,Team_21,T21M1,11,10.3,14,0,4,4.7,high
21,Team_21,T21M1,12,10.6,10,1,6,4.9,high
21,Team_21,T21M1,13,12.0,11,0,7,5.0,high
21,Team_21,T21M1,14,11.4,10,2,6,4.3,high
21,Team_21,T21M2,1,5.6,7,0,1,3.3,medium
21,Team_21,T21M2,2,3.3,2,0,0,3.3,medium
21,Team_21,T21M2,3,6.5,5,0,2,3.4,medium
21,Team_21,T21M2,4,7.1,4,1,4,4.1,medium
21,Team_21,T21M2,5,5.9,6,2,1,4.1,medium
21,Team_21,T21M2,6,6.1,5,0,2,4.0,medium
21,Team_21,T21M2,7,4.4,6,0,2,3.7,medium
21,Team_21,T21M2,8,3.4,3,0,2,3.5,medium
21,Team_21,T21M2,9,4.4,4,0,3,3.1,medium
21,Team_21,T21M2,10,3.3,3,2,2,3.7,medium
21,Team_21,T21M2,11,5.0,5,2,2,3.4,medium
21,Team_21,T21M2,12,6.5,4,2,4,3.7,medium
21,Team_21,T21M2,13,3.6,3,2,2,3.4,medium
21,Team_21,T21M2,14,5.1,3,2,1,3.7,medium
21,Team_21,T21M3,1,2.1,2,0,2,3.3,medium
21,Team_21,T21M3,2,5.2,7,1,1,3.4,medium
21,Team_21,T21M3,3,4.2,4,0,3,3.1,medium
21,Team_21,T21M3,4,3.1,4,1,1,3.1,medium
21,Team_21,T21M3,5,3.3,1,2,1,3.0,medium
21,Team_21,T21M3,6,4.9,5,0,1,3.2,medium
21,Team_21,T21M3,7,5.3,7,1,2,3.9,medium
21,Team_21,T21M3,8,4.6,4,2,2,3.8,medium
21,Team_21,T21M3,9,4.2,3,1,3,2.9,medium
21,Team_21,T21M3,10,4.1,4,2,2,3.4,medium
21,Team_21,T21M3,11,2.1,2,1,1,2.5,medium
21,Team_21,T21M3,12,2.6,3,1,1,3.1,medium
21,Team_21,T21M3,13,5.4,5,1,1,3.7,medium
21,Team_21,T21M3,14,5.5,6,2,2,3.8,medium
22,Team_22,T22M1,1,9.9,8,1,3,4.5,high
22,Team_22,T22M1,2,7.0,6,0,2,4.3,high
22,Team_22,T22M1,3,8.1,4,1,5,3.8,high
22,Team_22,T22M1,4,7.7,7,2,3,4.3,high
22,Team_22,T22M1,5,6.9,9,2,4,4.4,high
22,Team_22,T22M1,6,7.2,3,1,4,4.3,high
22,Team_22,T22M1,7,6.8,5,0,4,4.2,high
22,Team_22,T22M1,8,9.8,8,0,3,4.5,high
22,Team_22,T22M1,9,9.0,7,2,4,4.4,high
22,Team_22,T22M1,10,7.2,5,1,3,4.0,high
22,Team_22,T22M1,11,9.4,11,1,3,4.0,high
22,Team_22,T22M1,12,6.8,9,2,4,3.5,high
22,Team_22,T22M1,13,8.5,8,1,3,4.6,high
22,Team_22,T22M1,14,9.6,10,0,3,4.2,high
22,Team_22,T22M2,1,4.4,2,2,1,3.0,medium
22,Team_22,T22M2,2,4.4,4,0,3,3.5,medium
22,Team_22,T22M2,3,6.5,8,2,3,3.9,medium
22,Team_22,T22M2,4,5.4,7,2,3,3.9,medium
22,Team_22,T22M2,5,4.5,6,1,3,3.0,medium
22,Team_22,T22M2,6,7.4,10,1,2,3.9,medium
22,Team_22,T22M2,7,6.9,8,1,3,3.6,medium
22,Team_22,T22M2,8,5.1,6,2,2,3.9,medium
22,Team_22,T22M2,9,5.7,6,2,2,3.9,medium
22,Team_22,T22M2,10,7.7,7,0,2,4.0,medium
22,Team_22,T22M2,11,5.6,5,0,2,3.9,medium
22,Team_22,T22M2,12,6.6,4,0,3,4.1,medium
22,Team_22,T22M2,13,7.3,6,2,2,4.3,medium
22,Team_22,T22M2,14,6.3,5,1,2,3.9,medium
22,Team_22,T22M3,1,7.4,6,2,4,3.9,medium
22,Team_22,T22M3,2,9.8,10,1,5,4.7,medium
22,Team_22,T22M3,3,6.6,7,2,4,3.9,medium
22,Team_22,T22M3,4,7.8,8,1,3,4.1,medium
22,Team_22,T22M3,5,9.2,6,1,3,4.4,medium
22,Team_22,T22M3,6,8.6,9,1,4,4.2,medium
22,Team_22,T22M3,7,8.5,5,0,5,4.6,medium
22,Team_22,T22M3,8,8.4,4,0,5,3.8,medium
22,Team_22,T22M3,9,8.0,7,2,4,3.8,medium
22,Team_22,T22M3,10,8.6,7,2,5,4.0,medium
22,Team_22,T22M3,11,9.7,9,1,3,4.5,medium
22,Team_22,T22M3,12,8.3,8,0,4,3.7,medium
22,Team_22,T22M3,13,9.5,13,0,5,4.5,medium
22,Team_22,T22M3,14,9.8,5,1,3,4.2,medium
22,Team_22,T22M4,1,4.8,4,1,2,3.5,medium
22,Team_22,T22M4,2,6.2,6,0,4,3.6,medium
22,Team_22,T22M4,3,7.3,9,0,3,4.5,medium
22,Team_22,T22M4,4,6.3,3,0,4,3.3,medium
22,Team_22,T22M4,5,6.5,6,1,2,3.4,medium
22,Team_22,T22M4,6,6.1,5,1,4,3.8,medium
22,Team_22,T22M4,7,5.3,3,2,2,3.6,medium
22,Team_22,T22M4,8,5.4,4,0,2,3.7,medium
22,Team_22,T22M4,9,5.9,7,0,3,3.7,medium
22,Team_22,T22M4,10,5.2,5,1,1,4.0,medium
22,Team_22,T22M4,11,5.8,7,0,3,3.7,medium
22,Team_22,T22M4,12,6.3,4,2,4,4.3,medium
22,Team_22,T22M4,13,7.5,9,1,4,3.6,medium
22,Team_22,T22M4,14,7.1,4,1,4,4.2,medium
23,Team_23,T23M1,1,10.9,11,2,4,5.0,high
23,Team_23,T23M1,2,10.9,5,1,6,5.0,high
23,Team_23,T23M1,3,11.0,9,1,5,4.5,high
23,Team_23,T23M1,4,8.9,12,2,4,4.5,high
23,Team_23,T23M1,5,11.0,6,1,6,4.4,high
23,Team_23,T23M1,6,8.9,13,2,5,3.8,high
23,Team_23,T23M1,7,10.7,6,0,5,4.4,high
23,Team_23,T23M1,8,11.2,8,1,4,5.0,high
23,Team_23,T23M1,9,11.2,15,2,4,4.9,high
23,Team_23,T23M1,10,10.2,6,2,4,4.5,high
23,Team_23,T23M1,11,11.9,16,1,4,5.0,high
23,Team_23,T23M1,12,11.1,14,1,5,5.0,high
23,Team_23,T23M1,13,9.7,9,2,3,4.1,high
23,Team_23,T23M1,14,11.7,9,2,5,5.0,high
23,Team_23,T23M2,1,0.9,0,2,1,2.4,low
23,Team_23,T23M2,2,2.1,1,1,0,2.9,low
23,Team_23,T23M2,3,1.1,0,1,0,2.9,low
23,Team_23,T23M2,4,3.2,3,0,0,3.6,low
23,Team_23,T23M2,5,1.9,2,1,1,3.3,low
23,Team_23,T23M2,6,2.8,2,1,0,2.8,low
23,Team_23,T23M2,7,1.7,1,2,1,2.6,low
23,Team_23,T23M2,8,2.0,2,2,1,3.1,low
23,Team_23,T23M2,9,3.3,2,0,2,2.7,low
23,Team_23,T23M2,10,0,0,2,0,2.7,low
23,Team_23,T23M2,11,0.7,0,1,0,2.2,low
23,Team_23,T23M2,12,1.8,1,2,1,3.3,low
23,Team_23,T23M2,13,0.2,0,0,1,3.0,low
23,Team_23,T23M2,14,0,0,1,1,2.8,low
23,Team_23,T23M3,1,6.0,3,0,2,3.5,medium
23,Team_23,T23M3,2,7.9,4,1,3,4.3,medium
23,Team_23,T23M3,3,8.0,9,1,3,3.8,medium
23,Team_23,T23M3,4,5.5,7,1,2,3.4,medium
23,Team_23,T23M3,5,5.5,7,1,1,3.5,medium
23,Team_23,T23M3,6,7.2,10,2,3,3.6,medium
23,Team_23,T23M3,7,7.2,4,1,2,4.1,medium
23,Team_23,T23M3,8,5.6,5,1,1,3.2,medium
23,Team_23,T23M3,9,5.5,6,1,1,4.0,medium
23,Team_23,T23M3,10,5.8,6,0,3,3.6,medium
23,Team_23,T23M3,11,5.8,4,1,3,3.2,medium
23,Team_23,T23M3,12,8.0,10,1,4,4.0,medium
23,Team_23,T23M3,13,8.1,10,0,5,3.9,medium
23,Team_23,T23M3,14,6.8,8,1,2,3.9,medium
23,Team_23,T23M4,1,6.2,5,2,4,3.3,medium
23,Team_23,T23M4,2,5.6,8,0,2,3.9,medium
23,Team_23,T23M4,3,4.6,3,2,1,3.9,medium
23,Team_23,T23M4,4,6.1,4,1,2,3.8,medium
23,Team_23,T23M4,5,4.9,2,2,2,3.7,medium
23,Team_23,T23M4,6,4.0,2,2,2,3.0,medium
23,Team_23,T23M4,7,5.0,6,2,2,3.5,medium
23,Team_23,T23M4,8,7.3,9,0,2,3.8,medium
23,Team_23,T23M4,9,4.8,5,1,1,3.2,medium
23,Team_23,T23M4,10,6.1,6,2,4,3.4,medium
23,Team_23,T23M4,11,5.8,8,0,3,3.3,medium
23,Team_23,T23M4,12,6.1,5,2,2,3.5,medium
23,Team_23,T23M4,13,6.0,3,2,2,4.1,medium
23,Team_23,T23M4,14,6.7,4,2,2,4.2,medium
23,Team_23,T23M5,1,1.1,1,2,0,2.3,low
23,Team_23,T23M5,2,1.4,1,2,1,2.7,low
23,Team_23,T23M5,3,1.1,1,2,0,2.5,low
23,Team_23,T23M5,4,4.5,3,0,3,3.1,low
23,Team_23,T23M5,5,0.9,0,1,0,2.9,low
23,Team_23,T23M5,6,2.8,2,2,0,2.7,low
23,Team_23,T23M5,7,3.8,4,1,0,2.8,low
23,Team_23,T23M5,8,2.6,1,0,0,3.2,low
23,Team_23,T23M5,9,3.0,2,2,1,3.3,low
23,Team_23,T23M5,10,1.5,1,2,0,2.7,low
23,Team_23,T23M5,11,4.4,4,0,3,3.1,low
23,Team_23,T23M5,12,2.6,3,2,1,2.9,low
23,Team_23,T23M5,13,0.7,0,0,1,3.1,low
23,Team_23,T23M5,14,3.1,4,2,2,2.8,low
24,Team_24,T24M1,1,7.9,10,2,3,4.1,high
24,Team_24,T24M1,2,7.7,11,0,4,3.9,high
24,Team_24,T24M1,3,7.9,5,2,3,3.6,high
24,Team_24,T24M1,4,10.1,14,0,4,4.8,high
24,Team_24,T24M1,5,9.0,5,0,5,4.3,high
24,Team_24,T24M1,6,9.4,8,2,5,4.8,high
24,Team_24,T24M1,7,8.0,4,0,3,3.8,high
24,Team_24,T24M1,8,8.8,6,0,3,4.2,high
24,Team_24,T24M1,9,9.0,12,0,3,4.7,high
24,Team_24,T24M1,10,8.9,7,0,4,4.5,high
24,Team_24,T24M1,11,9.6,14,0,4,4.1,high
24,Team_24,T24M1,12,9.9,5,0,3,4.8,high
24,Team_24,T24M1,13,8.9,6,1,3,4.7,high
24,Team_24,T24M1,14,9.5,12,2,5,4.8,high
24,Team_24,T24M2,1,5.1,4,2,2,3.9,medium
24,Team_24,T24M2,2,5.1,4,1,2,3.0,medium
24,Team_24,T24M2,3,5.9,8,0,2,3.6,medium
24,Team_24,T24M2,4,5.1,7,0,3,3.9,medium
24,Team_24,T24M2,5,5.9,3,1,3,3.9,medium
24,Team_24,T24M2,6,4.3,4,1,3,3.7,medium
24,Team_24,T24M2,7,6.0,4,2,2,3.9,medium
24,Team_24,T24M2,8,5.8,4,1,2,3.4,medium
24,Team_24,T24M2,9,8.2,4,2,4,3.8,medium
24,Team_24,T24M2,10,6.0,6,2,2,4.2,medium
24,Team_24,T24M2,11,6.1,3,2,3,3.4,medium
24,Team_24,T24M2,12,7.7,8,2,4,3.5,medium
24,Team_24,T24M2,13,6.7,5,2,3,3.9,medium
24,Team_24,T24M2,14,5.4,6,2,3,3.6,medium
24,Team_24,T24M3,1,5.5,7,2,1,3.6,medium
24,Team_24,T24M3,2,8.8,7,0,3,4.1,medium
24,Team_24,T24M3,3,7.0,3,1,2,4.1,medium
24,Team_24,T24M3,4,8.0,8,0,2,4.6,medium
24,Team_24,T24M3,5,6.1,3,1,4,4.2,medium
24,Team_24,T24M3,6,7.5,10,0,4,4.3,medium
24,Team_24,T24M3,7,6.4,8,2,4,3.7,medium
24,Team_24,T24M3,8,5.4,4,1,2,3.6,medium
24,Team_24,T24M3,9,8.5,8,2,5,4.5,medium
24,Team_24,T24M3,10,8.7,8,1,5,4.7,medium
24,Team_24,T24M3,11,8.4,12,0,3,4.6,medium
24,Team_24,T24M3,12,7.0,4,0,3,4.4,medium
24,Team_24,T24M3,13,5.5,3,0,3,3.2,medium
24,Team_24,T24M3,14,5.8,4,2,1,3.4,medium
24,Team_24,T24M4,1,4.7,3,1,3,3.6,medium
24,Team_24,T24M4,2,5.3,3,0,3,3.7,medium
24,Team_24,T24M4,3,5.8,4,2,2,3.6,medium
24,Team_24,T24M4,4,6.8,7,2,3,3.8,medium
24,Team_24,T24M4,5,6.4,8,1,2,4.1,medium
24,Team_24,T24M4,6,5.1,4,1,1,3.2,medium
24,Team_24,T24M4,7,5.3,7,2,1,3.8,medium
24,Team_24,T24M4,8,5.3,7,2,3,4.0,medium
24,Team_24,T24M4,9,7.3,4,0,2,4.5,medium
24,Team_24,T24M4,10,6.5,6,1,2,3.5,medium
24,Team_24,T24M4,11,7.0,8,1,2,3.8,medium
24,Team_24,T24M4,12,6.3,4,1,2,4.2,medium
24,Team_24,T24M4,13,5.8,5,0,2,4.1,medium
24,Team_24,T24M4,14,4.8,7,2,3,3.3,medium
24,Team_24,T24M5,1,5.1,7,2,3,3.2,medium
24,Team_24,T24M5,2,6.2,8,1,3,3.9,medium
24,Team_24,T24M5,3,6.8,9,0,4,3.9,medium
24,Team_24,T24M5,4,5.1,4,0,2,3.4,medium
24,Team_24,T24M5,5,5.2,5,0,3,3.6,medium
24,Team_24,T24M5,6,7.0,8,0,2,3.5,medium
24,Team_24,T24M5,7,7.3,8,0,4,3.9,medium
24,Team_24,T24M5,8,5.9,6,2,1,4.1,medium
24,Team_24,T24M5,9,5.3,3,1,2,3.5,medium
24,Team_24,T24M5,10,3.9,3,1,1,3.7,medium
24,Team_24,T24M5,11,4.2,5,1,3,3.8,medium
24,Team_24,T24M5,12,7.1,5,2,3,4.2,medium
24,Team_24,T24M5,13,5.6,7,2,1,3.3,medium
24,Team_24,T24M5,14,5.1,7,2,2,3.1,medium
25,Team_25,T25M1,1,8.0,11,1,2,4.2,high
25,Team_25,T25M1,2,9.2,11,0,3,4.0,high
25,Team_25,T25M1,3,7.9,8,0,3,4.4,high
25,Team_25,T25M1,4,7.6,8,1,2,3.5,high
25,Team_25,T25M1,5,6.4,4,2,4,3.7,high
25,Team_25,T25M1,6,9.0,12,1,3,4.3,high
25,Team_25,T25M1,7,9.1,6,0,4,4.3,high
25,Team_25,T25M1,8,10.2,11,1,6,4.5,high
25,Team_25,T25M1,9,8.1,6,2,4,4.6,high
25,Team_25,T25M1,10,9.6,8,2,5,3.9,high
25,Team_25,T25M1,11,7.4,7,0,3,3.9,high
25,Team_25,T25M1,12,9.1,7,0,4,4.2,high
25,Team_25,T25M1,13,8.9,12,0,4,4.1,high
25,Team_25,T25M1,14,8.9,5,0,5,4.0,high
25,Team_25,T25M2,1,2.7,3,2,1,2.8,low
25,Team_25,T25M2,2,3.3,2,2,2,3.0,low
25,Team_25,T25M2,3,1.1,0,1,0,3.0,low
25,Team_25,T25M2,4,2.2,3,0,0,2.6,low
25,Team_25,T25M2,5,2.5,3,2,2,3.2,low
25,Team_25,T25M2,6,4.3,5,2,3,3.6,low
25,Team_25,T25M2,7,3.7,3,0,0,3.6,low
25,Team_25,T25M2,8,4.2,4,1,3,3.2,low
25,Team_25,T25M2,9,3.8,5,2,2,3.5,low
25,Team_25,T25M2,10,1.9,2,0,1,3.2,low
25,Team_25,T25M2,11,1.4,1,0,1,2.5,low
25,Team_25,T25M2,12,1.0,0,0,0,2.9,low
25,Team_25,T25M2,13,3.6,2,1,1,2.8,low
25,Team_25,T25M2,14,0.9,1,2,1,2.2,low
25,Team_25,T25M3,1,0,0,0,0,2.9,low
25,Team_25,T25M3,2,0.3,0,0,1,2.4,low
25,Team_25,T25M3,3,0,0,1,1,2.3,low
25,Team_25,T25M3,4,0.1,0,2,1,2.3,low
25,Team_25,T25M3,5,1.8,1,2,0,2.9,low
25,Team_25,T25M3,6,2.4,3,0,2,2.5,low
25,Team_25,T25M3,7,2.4,3,2,2,3.0,low
25,Team_25,T25M3,8,2.3,1,2,0,2.6,low
25,Team_25,T25M3,9,0.9,0,0,1,2.4,low
25,Team_25,T25M3,10,0,0,0,0,2.1,low
25,Team_25,T25M3,11,0.0,0,2,0,2.6,low
25,Team_25,T25M3,12,0,0,0,0,2.3,low
25,Team_25,T25M3,13,1.9,1,1,0,2.9,low
25,Team_25,T25M3,14,0.7,0,0,0,3.0,low
25,Team_25,T25M4,1,7.2,3,2,3,4.1,medium
25,Team_25,T25M4,2,7.3,7,2,2,3.6,medium
25,Team_25,T25M4,3,7.3,8,0,4,4.4,medium
25,Team_25,T25M4,4,9.7,5,0,4,4.1,medium
25,Team_25,T25M4,5,9.1,8,0,4,4.6,medium
25,Team_25,T25M4,6,6.9,8,2,4,3.6,medium
25,Team_25,T25M4,7,8.9,10,1,4,4.3,medium
25,Team_25,T25M4,8,8.2,7,1,5,3.9,medium
25,Team_25,T25M4,9,8.8,5,1,4,4.3,medium
25,Team_25,T25M4,10,8.3,5,0,5,3.7,medium
25,Team_25,T25M4,11,6.0,7,0,3,3.8,medium
25,Team_25,T25M4,12,7.1,5,2,2,4.2,medium
25,Team_25,T25M4,13,8.4,8,1,4,3.9,medium
25,Team_25,T25M4,14,8.4,8,1,5,4.0,medium
25,Team_25,T25M5,1,8.0,4,1,2,4.0,medium
25,Team_25,T25M5,2,5.4,4,1,1,3.1,medium
25,Team_25,T25M5,3,6.4,8,1,4,3.4,medium
25,Team_25,T25M5,4,5.9,4,1,2,3.9,medium
25,Team_25,T25M5,5,6.5,6,2,4,3.8,medium
25,Team_25,T25M5,6,6.1,6,0,4,3.3,medium
25,Team_25,T25M5,7,5.2,5,1,3,3.7,medium
25,Team_25,T25M5,8,7.3,5,0,2,4.0,medium
25,Team_25,T25M5,9,4.7,4,2,3,3.0,medium
25,Team_25,T25M5,10,7.8,6,0,3,3.9,medium
25,Team_25,T25M5,11,5.6,4,2,1,3.4,medium
25,Team_25,T25M5,12,6.8,7,2,2,4.2,medium
25,Team_25,T25M5,13,4.6,3,2,2,3.0,medium
25,Team_25,T25M5,14,6.8,6,2,3,3.6,medium
26,Team_26,T26M1,1,12.3,10,1,6,5.0,high
26,Team_26,T26M1,2,11.6,6,2,4,4.7,high
26,Team_26,T26M1,3,10.4,13,1,4,4.7,high
26,Team_26,T26M1,4,9.8,9,1,5,4.8,high
26,Team_26,T26M1,5,11.5,15,2,4,4.6,high
26,Team_26,T26M1,6,8.5,12,1,3,4.3,high
26,Team_26,T26M1,7,12.2,14,2,5,5.0,high
26,Team_26,T26M1,8,9.4,10,2,4,4.3,high
26,Team_26,T26M1,9,9.7,5,1,5,4.8,high
26,Team_26,T26M1,10,10.1,10,0,5,4.4,high
26,Team_26,T26M1,11,10.9,10,2,4,5.0,high
26,Team_26,T26M1,12,10.9,11,0,6,4.7,high
26,Team_26,T26M1,13,11.0,14,1,5,5.0,high
26,Team_26,T26M1,14,10.5,11,1,6,4.8,high
26,Team_26,T26M2,1,1.3,0,2,1,3.0,low
26,Team_26,T26M2,2,2.8,2,0,2,2.8,low
26,Team_26,T26M2,3,1.1,1,2,0,2.5,low
26,Team_26,T26M2,4,1.8,1,0,0,2.6,low
26,Team_26,T26M2,5,0.4,0,1,0,2.6,low
26,Team_26,T26M2,6,1.1,1,0,0,2.4,low
26,Team_26,T26M2,7,0,0,1,1,2.6,low
26,Team_26,T26M2,8,2.0,1,2,0,3.2,low
26,Team_26,T26M2,9,0,0,1,1,2.3,low
26,Team_26,T26M2,10,0,0,1,1,2.7,low
26,Team_26,T26M2,11,0,0,2,0,2.2,low
26,Team_26,T26M2,12,1.7,1,0,1,3.0,low
26,Team_26,T26M2,13,1.7,2,2,0,2.8,low
26,Team_26,T26M2,14,0,0,1,0,2.8,low
26,Team_26,T26M3,1,8.2,11,0,3,3.7,medium
26,Team_26,T26M3,2,6.1,4,1,3,4.1,medium
26,Team_26,T26M3,3,5.4,5,2,1,3.4,medium
26,Team_26,T26M3,4,6.9,8,1,2,3.7,medium
26,Team_26,T26M3,5,8.1,10,0,5,4.6,medium
26,Team_26,T26M3,6,7.6,10,2,2,4.2,medium
26,Team_26,T26M3,7,8.4,6,2,4,4.0,medium
26,Team_26,T26M3,8,9.1,7,2,3,4.3,medium
26,Team_26,T26M3,9,6.2,5,0,3,4.2,medium
26,Team_26,T26M3,10,8.9,7,0,4,4.0,medium
26,Team_26,T26M3,11,8.8,12,2,4,4.6,medium
26,Team_26,T26M3,12,8.3,7,0,4,4.5,medium
26,Team_26,T26M3,13,8.5,12,1,5,4.1,medium
26,Team_26,T26M3,14,8.6,10,0,3,4.4,medium
26,Team_26,T26M4,1,5.8,7,2,2,3.6,medium
26,Team_26,T26M4,2,3.5,1,2,0,3.3,medium
26,Team_26,T26M4,3,6.6,4,1,2,3.9,medium
26,Team_26,T26M4,4,4.7,2,0,1,3.4,medium
26,Team_26,T26M4,5,7.3,9,0,4,4.1,medium
26,Team_26,T26M4,6,6.6,5,1,4,3.4,medium
26,Team_26,T26M4,7,4.1,4,1,2,3.0,medium
26,Team_26,T26M4,8,5.1,3,1,3,3.2,medium
26,Team_26,T26M4,9,7.2,10,2,4,4.1,medium
26,Team_26,T26M4,10,7.0,10,0,3,4.1,medium
26,Team_26,T26M4,11,4.1,3,1,3,3.1,medium
26,Team_26,T26M4,12,3.8,3,2,0,2.8,medium
26,Team_26,T26M4,13,5.5,7,1,3,3.6,medium
26,Team_26,T26M4,14,4.3,3,1,2,3.6,medium
26,Team_26,T26M5,1,4.6,3,1,3,3.6,medium
26,Team_26,T26M5,2,5.4,4,0,1,3.4,medium
26,Team_26,T26M5,3,4.8,5,0,2,3.5,medium
26,Team_26,T26M5,4,6.3,3,1,2,4.1,medium
26,Team_26,T26M5,5,7.6,6,0,4,3.9,medium
26,Team_26,T26M5,6,5.4,5,0,1,3.6,medium
26,Team_26,T26M5,7,3.9,5,1,1,3.8,medium
26,Team_26,T26M5,8,7.5,10,2,4,4.2,medium
26,Team_26,T26M5,9,3.9,2,2,1,3.1,medium
26,Team_26,T26M5,10,5.3,4,2,1,3.6,medium
26,Team_26,T26M5,11,4.8,4,1,2,3.1,medium
26,Team_26,T26M5,12,5.0,5,0,2,3.1,medium
26,Team_26,T26M5,13,3.9,2,1,2,3.1,medium
26,Team_26,T26M5,14,5.4,7,1,3,3.9,medium
27,Team_27,T27M1,1,10.8,8,1,4,4.7,high
27,Team_27,T27M1,2,10.9,12,1,4,4.4,high
27,Team_27,T27M1,3,7.5,5,1,3,3.7,high
27,Team_27,T27M1,4,9.1,5,1,3,4.3,high
27,Team_27,T27M1,5,11.2,11,1,5,4.4,high
27,Team_27,T27M1,6,10.1,6,1,4,4.2,high
27,Team_27,T27M1,7,8.4,11,2,5,4.5,high
27,Team_27,T27M1,8,9.5,11,0,5,4.9,high
27,Team_27,T27M1,9,7.3,9,0,3,4.4,high
27,Team_27,T27M1,10,8.2,8,0,4,3.7,high
27,Team_27,T27M1,11,10.0,11,1,4,4.6,high
27,Team_27,T27M1,12,11.1,14,0,4,4.3,high
27,Team_27,T27M1,13,10.6,12,1,6,5.0,high
27,Team_27,T27M1,14,9.6,4,0,5,4.5,high
27,Team_27,T27M2,1,9.8,13,2,3,4.2,medium
27,Team_27,T27M2,2,6.0,6,1,1,3.9,medium
27,Team_27,T27M2,3,8.0,8,0,3,3.9,medium
27,Team_27,T27M2,4,6.7,8,1,2,3.4,medium
27,Team_27,T27M2,5,6.6,5,1,3,4.0,medium
27,Team_27,T27M2,6,9.6,6,1,4,4.7,medium
27,Team_27,T27M2,7,8.7,12,2,5,3.9,medium
27,Team_27,T27M2,8,8.5,11,2,3,4.2,medium
27,Team_27,T27M2,9,9.3,9,2,5,4.3,medium
27,Team_27,T27M2,10,8.8,11,2,3,4.2,medium
27,Team_27,T27M2,11,7.5,4,1,3,4.2,medium
27,Team_27,T27M2,12,8.4,10,1,5,4.3,medium
27,Team_27,T27M2,13,7.9,6,1,2,4.5,medium
27,Team_27,T27M2,14,7.7,4,0,4,4.4,medium
27,Team_27,T27M3,1,5.3,2,0,1,3.6,medium
27,Team_27,T27M3,2,6.1,5,1,4,3.9,medium
27,Team_27,T27M3,3,7.3,6,2,2,4.2,medium
27,Team_27,T27M3,4,4.2,5,1,1,3.6,medium
27,Team_27,T27M3,5,7.5,4,1,4,3.8,medium
27,Team_27,T27M3,6,6.4,6,2,3,3.9,medium
27,Team_27,T27M3,7,5.2,7,0,1,3.2,medium
27,Team_27,T27M3,8,7.1,7,2,2,3.8,medium
27,Team_27,T27M3,9,4.2,3,0,1,3.5,medium
27,Team_27,T27M3,10,5.9,5,2,3,3.8,medium
27,Team_27,T27M3,11,6.0,6,2,3,3.9,medium
27,Team_27,T27M3,12,7.9,9,1,2,3.7,medium
27,Team_27,T27M3,13,4.1,2,0,3,3.8,medium
27,Team_27,T27M3,14,7.5,5,2,2,4.2,medium
27,Team_27,T27M4,1,7.7,5,1,3,3.7,medium
27,Team_27,T27M4,2,6.2,3,0,4,3.9,medium
27,Team_27,T27M4,3,8.4,8,1,5,3.9,medium
27,Team_27,T27M4,4,5.7,7,1,1,3.5,medium
27,Team_27,T27M4,5,4.9,6,1,2,3.8,medium
27,Team_27,T27M4,6,7.5,8,2,3,3.5,medium
27,Team_27,T27M4,7,6.1,6,2,4,4.2,medium
27,Team_27,T27M4,8,8.1,11,0,5,3.7,medium
27,Team_27,T27M4,9,4.6,4,2,1,3.2,medium
27,Team_27,T27M4,10,7.1,9,0,3,4.0,medium
27,Team_27,T27M4,11,7.1,6,1,2,3.6,medium
27,Team_27,T27M4,12,7.4,7,1,2,4.0,medium
27,Team_27,T27M4,13,6.9,8,2,4,4.0,medium
27,Team_27,T27M4,14,5.0,3,2,2,4.0,medium
28,Team_28,T28M1,1,12.4,16,2,5,4.8,high
28,Team_28,T28M1,2,12.2,14,0,5,4.6,high
28,Team_28,T28M1,3,11.6,6,1,5,4.6,high
28,Team_28,T28M1,4,10.0,5,0,5,4.9,high
28,Team_28,T28M1,5,10.6,6,2,4,4.9,high
28,Team_28,T28M1,6,10.5,6,0,4,4.7,high
28,Team_28,T28M1,7,11.1,16,1,4,5.0,high
28,Team_28,T28M1,8,11.4,15,2,6,4.9,high
28,Team_28,T28M1,9,9.6,5,1,4,4.9,high
28,Team_28,T28M1,10,12.2,18,2,7,5.0,high
28,Team_28,T28M1,11,13.0,17,0,7,4.7,high
28,Team_28,T28M1,12,11.7,16,1,4,5.0,high
28,Team_28,T28M1,13,12.0,15,1,7,5.0,high
28,Team_28,T28M1,14,9.8,8,0,3,4.8,high
28,Team_28,T28M2,1,6.7,5,1,3,3.6,medium
28,Team_28,T28M2,2,4.3,3,2,2,3.2,medium
28,Team_28,T28M2,3,6.3,4,2,3,4.1,medium
28,Team_28,T28M2,4,4.2,3,1,2,3.8,medium
28,Team_28,T28M2,5,5.7,6,0,2,3.3,medium
28,Team_28,T28M2,6,3.7,4,0,0,3.1,medium
28,Team_28,T28M2,7,5.3,6,1,1,3.4,medium
28,Team_28,T28M2,8,3.8,5,0,2,2.8,medium
28,Team_28,T28M2,9,6.2,7,2,4,4.2,medium
28,Team_28,T28M2,10,5.3,7,2,3,3.9,medium
28,Team_28,T28M2,11,6.5,5,1,2,4.1,medium
28,Team_28,T28M2,12,7.3,8,0,4,3.9,medium
28,Team_28,T28M2,13,6.2,8,2,4,3.9,medium
28,Team_28,T28M2,14,6.5,8,2,3,4.1,medium
28,Team_28,T28M3,1,4.5,3,2,3,3.8,medium
28,Team_28,T28M3,2,4.4,4,0,1,3.4,medium
28,Team_28,T28M3,3,3.6,3,2,0,2.7,medium
28,Team_28,T28M3,4,5.9,6,1,1,4.0,medium
28,Team_28,T28M3,5,3.6,3,2,0,3.4,medium
28,Team_28,T28M3,6,5.7,4,2,2,3.3,medium
28,Team_28,T28M3,7,5.4,7,1,2,3.6,medium
28,Team_28,T28M3,8,2.4,1,0,2,3.5,medium
28,Team_28,T28M3,9,4.6,6,2,3,3.5,medium
28,Team_28,T28M3,10,4.7,4,1,3,3.7,medium
28,Team_28,T28M3,11,5.2,6,2,2,3.6,medium
28,Team_28,T28M3,12,3.3,2,2,0,3.5,medium
28,Team_28,T28M3,13,3.8,2,2,1,3.6,medium
28,Team_28,T28M3,14,2.7,1,0,1,2.7,medium
28,Team_28,T28M4,1,2.0,2,1,0,3.0,low
28,Team_28,T28M4,2,2.9,4,2,1,3.3,low
28,Team_28,T28M4,3,2.0,1,2,0,2.9,low
28,Team_28,T28M4,4,2.2,3,2,2,2.6,low
28,Team_28,T28M4,5,1.2,1,2,0,3.2,low
28,Team_28,T28M4,6,1.8,2,2,0,2.5,low
28,Team_28,T28M4,7,1.8,1,2,0,2.5,low
28,Team_28,T28M4,8,1.6,1,1,0,2.3,low
28,Team_28,T28M4,9,0.9,1,1,0,3.1,low
28,Team_28,T28M4,10,1.6,1,0,1,2.8,low
28,Team_28,T28M4,11,0.8,0,0,0,2.6,low
28,Team_28,T28M4,12,1.6,1,1,0,2.8,low
28,Team_28,T28M4,13,3.2,3,0,2,3.3,low
28,Team_28,T28M4,14,3.4,3,0,2,3.0,low
28,Team_28,T28M5,1,6.3,4,1,3,3.8,medium
28,Team_28,T28M5,2,8.5,11,2,4,4.3,medium
28,Team_28,T28M5,3,8.1,9,2,5,4.4,medium
28,Team_28,T28M5,4,7.5,7,0,4,4.1,medium
28,Team_28,T28M5,5,5.4,6,2,1,4.0,medium
28,Team_28,T28M5,6,6.7,8,2,2,3.5,medium
28,Team_28,T28M5,7,8.4,5,0,4,4.5,medium
28,Team_28,T28M5,8,5.6,6,2,2,3.2,medium
28,Team_28,T28M5,9,6.8,5,2,2,3.8,medium
28,Team_28,T28M5,10,8.4,7,0,4,3.7,medium
28,Team_28,T28M5,11,6.8,5,0,2,4.3,medium
28,Team_28,T28M5,12,6.8,5,0,3,4.1,medium
28,Team_28,T28M5,13,5.3,7,2,1,3.1,medium
28,Team_28,T28M5,14,8.5,5,2,3,4.0,medium
29,Team_29,T29M1,1,10.1,7,0,4,4.2,high
29,Team_29,T29M1,2,9.6,10,1,5,4.7,high
29,Team_29,T29M1,3,8.1,4,0,4,4.1,high
29,Team_29,T29M1,4,8.2,8,1,5,3.9,high
29,Team_29,T29M1,5,10.1,7,2,6,4.1,high
29,Team_29,T29M1,6,9.6,11,0,4,4.5,high
29,Team_29,T29M1,7,8.4,11,2,3,4.5,high
29,Team_29,T29M1,8,7.1,7,0,2,4.0,high
29,Team_29,T29M1,9,8.3,11,1,3,3.7,high
29,Team_29,T29M1,10,8.4,11,1,5,4.7,high
29,Team_29,T29M1,11,6.6,9,1,3,3.9,high
29,Team_29,T29M1,12,9.9,8,1,5,4.2,high
29,Team_29,T29M1,13,9.9,7,0,5,4.5,high
29,Team_29,T29M1,14,6.8,4,2,2,4.2,high
29,Team_29,T29M2,1,9.5,6,2,4,4.8,medium
29,Team_29,T29M2,2,9.8,11,2,4,4.2,medium
29,Team_29,T29M2,3,8.6,7,0,4,4.7,medium
29,Team_29,T29M2,4,7.3,10,0,4,4.4,medium
29,Team_29,T29M2,5,8.4,4,0,5,3.9,medium
29,Team_29,T29M2,6,8.2,9,1,4,4.2,medium
29,Team_29,T29M2,7,9.1,10,0,5,3.9,medium
29,Team_29,T29M2,8,9.3,10,2,3,4.2,medium
29,Team_29,T29M2,9,9.2,12,1,4,4.0,medium
29,Team_29,T29M2,10,9.1,10,0,3,4.3,medium
29,Team_29,T29M2,11,9.7,9,0,5,4.0,medium
29,Team_29,T29M2,12,7.1,10,1,2,3.5,medium
29,Team_29,T29M2,13,8.4,6,2,3,3.9,medium
29,Team_29,T29M2,14,8.0,6,1,3,4.5,medium
29,Team_29,T29M3,1,3.6,4,1,0,3.6,medium
29,Team_29,T29M3,2,5.1,5,2,1,3.7,medium
29,Team_29,T29M3,3,5.1,6,2,1,3.1,medium
29,Team_29,T29M3,4,3.3,1,1,2,3.5,medium
29,Team_29,T29M3,5,6.4,7,1,2,4.1,medium
29,Team_29,T29M3,6,2.9,4,2,2,3.2,medium
29,Team_29,T29M3,7,5.6,7,0,2,3.8,medium
29,Team_29,T29M3,8,6.6,3,1,3,4.2,medium
29,Team_29,T29M3,9,4.5,2,2,2,3.4,medium
29,Team_29,T29M3,10,4.9,2,2,1,3.0,medium
29,Team_29,T29M3,11,6.5,6,1,2,3.7,medium
29,Team_29,T29M3,12,4.2,5,0,3,3.1,medium
29,Team_29,T29M3,13,5.6,8,0,1,3.3,medium
29,Team_29,T29M3,14,4.1,4,0,1,3.3,medium
30,Team_30,T30M1,1,12.9,17,0,5,5.0,high
30,Team_30,T30M1,2,13.0,17,1,7,5.0,high
30,Team_30,T30M1,3,13.0,16,2,6,5.0,high
30,Team_30,T30M1,4,11.7,12,0,4,5.0,high
30,Team_30,T30M1,5,10.7,14,2,4,4.9,high
30,Team_30,T30M1,6,9.4,12,0,4,4.5,high
30,Team_30,T30M1,7,10.9,6,0,6,4.2,high
30,Team_30,T30M1,8,12.6,11,2,6,4.8,high
30,Team_30,T30M1,9,11.6,13,0,5,4.7,high
30,Team_30,T30M1,10,12.4,17,2,5,4.8,high
30,Team_30,T30M1,11,12.9,16,1,7,4.9,high
30,Team_30,T30M1,12,10.0,6,2,5,4.1,high
30,Team_30,T30M1,13,12.3,8,2,5,5.0,high
30,Team_30,T30M1,14,10.2,9,2,6,4.5,high
30,Team_30,T30M2,1,5.4,4,1,3,4.0,medium
30,Team_30,T30M2,2,8.2,6,2,3,3.8,medium
30,Team_30,T30M2,3,6.4,5,1,2,3.8,medium
30,Team_30,T30M2,4,7.8,5,0,4,4.4,medium
30,Team_30,T30M2,5,7.4,4,1,2,4.5,medium
30,Team_30,T30M2,6,7.8,5,0,3,3.7,medium
30,Team_30,T30M2,7,7.1,8,1,4,4.1,medium
30,Team_30,T30M2,8,8.6,9,1,5,4.0,medium
30,Team_30,T30M2,9,6.5,3,0,3,3.5,medium
30,Team_30,T30M2,10,5.2,3,0,2,3.7,medium
30,Team_30,T30M2,11,6.1,7,1,4,3.6,medium
30,Team_30,T30M2,12,6.8,9,0,3,3.4,medium
30,Team_30,T30M2,13,6.6,6,0,3,3.8,medium
30,Team_30,T30M2,14,7.7,10,1,2,4.5,medium
30,Team_30,T30M3,1,4.0,3,0,2,3.6,medium
30,Team_30,T30M3,2,4.1,2,0,2,3.7,medium
30,Team_30,T30M3,3,3.2,3,1,2,3.4,medium
30,Team_30,T30M3,4,3.6,5,1,1,3.0,medium
30,Team_30,T30M3,5,6.4,7,2,4,4.2,medium
30,Team_30,T30M3,6,6.6,3,0,2,4.1,medium
30,Team_30,T30M3,7,3.9,3,1,1,3.4,medium
30,Team_30,T30M3,8,7.0,5,0,4,4.0,medium
30,Team_30,T30M3,9,6.6,5,0,3,3.6,medium
30,Team_30,T30M3,10,5.7,4,0,3,4.1,medium
30,Team_30,T30M3,11,6.7,4,0,3,4.1,medium
30,Team_30,T30M3,12,5.6,3,1,3,3.9,medium
30,Team_30,T30M3,13,4.6,4,0,2,3.6,medium
30,Team_30,T30M3,14,5.2,5,1,2,3.3,medium
